"Timestamp","1)  a genre that 's already a joke in the United States .

2)  Even fans of Ismail Merchant 's work , I suspect , would have a hard time sitting through this one .","1)  a genre that 's already a joke in the United States .

2)  Insomnia is one of the year 's best films and Pacino gives one of his most daring , and complicated , performances .","1)  Provides a satisfactory overview of the bizarre world of extreme athletes as several daredevils express their own views .

2)  Romantic , riveting and handsomely animated .","1)  a genre that 's already a joke in the United States .

2)  A visual spectacle full of stunning images and effects .","1)  The whole affair is as predictable as can be .

2)  If you adored The Full Monty so resoundingly that you 're dying to see the same old thing in a tired old setting , then this should keep you reasonably entertained .","1)  A welcome relief from baseball movies that try too hard to be mythic , this one is a sweet and modest and ultimately winning story .

2)  If you adored The Full Monty so resoundingly that you 're dying to see the same old thing in a tired old setting , then this should keep you reasonably entertained .","1)  The whole affair is as predictable as can be .

2)  Dripping with cliche and bypassing no opportunity to trivialize the material .","1)  New ways of describing badness need to be invented to describe exactly how bad it is .

2)  It makes sense that he went back to school to check out the girls -- his film is a frat boy 's idea of a good time .","1)  A brilliant , absurd collection of vignettes that , in their own idiosyncratic way , sum up the strange horror of life in the new millennium .

2)  The main characters are simply named The Husband , The Wife and The Kidnapper , emphasizing the disappointingly generic nature of the entire effort .","1)  Sometimes there are very , very good reasons for certain movies to be sealed in a jar and left on a remote shelf indefinitely .

2)  Narratively , Trouble Every Day is a plodding mess .","1)  The uneven movie does have its charms and its funny moments but not quite enough of them .

2)  A visual spectacle full of stunning images and effects .","1)  A positively thrilling combination of ethnography and all the intrigue , betrayal , deceit and murder of a Shakespearean tragedy or a juicy soap opera .

2)  Everything its title implies , a standard-issue crime drama spat out from the Tinseltown assembly line .","1)  Even when it drags , we are forced to reflect that its visual imagination is breathtaking

2)  It pulls the rug out from under you , just when you 're ready to hate one character , or really sympathize with another character , something happens to send you off in different direction .","1)  The main characters are simply named The Husband , The Wife and The Kidnapper , emphasizing the disappointingly generic nature of the entire effort .

2)  Romantic , riveting and handsomely animated .","1)  There 's little to recommend Snow Dogs , unless one considers cliched dialogue and perverse escapism a source of high hilarity .

2)  The respective charms of Sandra Bullock and Hugh Grant have worn threadbare .","1)  It pulls the rug out from under you , just when you 're ready to hate one character , or really sympathize with another character , something happens to send you off in different direction .

2)  A laughable -- or rather , unlaughable -- excuse for a film .","1)  A positively thrilling combination of ethnography and all the intrigue , betrayal , deceit and murder of a Shakespearean tragedy or a juicy soap opera .

2)  Standing in the Shadows of Motown is the best kind of documentary , one that makes a depleted yesterday feel very much like a brand-new tomorrow .","1)  Washington as possibly the best actor working in movies today

2)  If you adored The Full Monty so resoundingly that you 're dying to see the same old thing in a tired old setting , then this should keep you reasonably entertained .","1)  Dripping with cliche and bypassing no opportunity to trivialize the material .

2)  New ways of describing badness need to be invented to describe exactly how bad it is .","1)  It is most remarkable not because of its epic scope , but because of the startling intimacy it achieves despite that breadth .

2)  Even fans of Ismail Merchant 's work , I suspect , would have a hard time sitting through this one .","1)  Even when it drags , we are forced to reflect that its visual imagination is breathtaking

2)  My precious new Star Wars movie is a lumbering , wheezy drag ...","1)  This painfully unfunny farce traffics in tired stereotypes and encumbers itself with complications ... that have no bearing on the story .

2)  The whole affair is as predictable as can be .","1)  Kwan is a master of shadow , quietude , and room noise , and Lan Yu is a disarmingly lived-in movie .

2)  Everything its title implies , a standard-issue crime drama spat out from the Tinseltown assembly line .","1)  No , I don't know why Steven Seagal is considered a star , nor why he keeps being cast in action films when none of them are ever any good or make any money .

2)  Delia , Greta , and Paula rank as three of the most multilayered and sympathetic female characters of the year .","1)  Narratively , Trouble Every Day is a plodding mess .

2)  Punch-Drunk Love is so convinced of its own brilliance that , if it were a person , you 'd want to smash its face in.","1)  A laughable -- or rather , unlaughable -- excuse for a film .

2)  Will probably be one of those movies barely registering a blip on the radar screen of 2002 .","1)  a genre that 's already a joke in the United States .

2)  Kwan is a master of shadow , quietude , and room noise , and Lan Yu is a disarmingly lived-in movie .","1)  The whole affair is as predictable as can be .

2)  No , I don't know why Steven Seagal is considered a star , nor why he keeps being cast in action films when none of them are ever any good or make any money .","1)  Opening with some contrived banter , cliches and some loose ends , the screenplay only comes into its own in the second half .

2)  My precious new Star Wars movie is a lumbering , wheezy drag ...","1)  a genre that 's already a joke in the United States .

2)  Will probably be one of those movies barely registering a blip on the radar screen of 2002 ."
"2020/06/29 11:23:43 PM GMT+5:30","8","1","7","2","9","4","9","2","2","10","6","2","7","2","2","2","10","5","9","3","3","9","5","2","9","8","3","8","6","8"
"2020/07/11 8:17:56 PM GMT+5:30","6","1","9","2","8","6","9","7","1","9","4","2","","","","","","","","","","","","","","","","","",""