"Timestamp","1)  It pulls the rug out from under you , just when you 're ready to hate one character , or really sympathize with another character , something happens to send you off in different direction .

2)  More good than great but Freeman and Judd make it work .","1)  Occasionally loud and offensive , but more often , it simply lulls you into a gentle waking coma .

2)  Delia , Greta , and Paula rank as three of the most multilayered and sympathetic female characters of the year .","1)  Dripping with cliche and bypassing no opportunity to trivialize the material .

2)  The respective charms of Sandra Bullock and Hugh Grant have worn threadbare .","1)  a genre that 's already a joke in the United States .

2)  A brilliant , absurd collection of vignettes that , in their own idiosyncratic way , sum up the strange horror of life in the new millennium .","1)  I admire the closing scenes of the film , which seem to ask whether our civilization offers a cure for Vincent 's complaint .

2)  It 's consistently funny , in an irresistible junior-high way , and consistently free of any gag that would force you to give it a millisecond of thought .","1)  Washington as possibly the best actor working in movies today

2)  Simply put , there should have been a more compelling excuse to pair Susan Sarandon and Goldie Hawn .","1)  This painfully unfunny farce traffics in tired stereotypes and encumbers itself with complications ... that have no bearing on the story .

2)  The film 's constant mood of melancholy and its unhurried narrative are masterfully controlled .","1)  Occasionally loud and offensive , but more often , it simply lulls you into a gentle waking coma .

2)  Narratively , Trouble Every Day is a plodding mess .","1)  Even when it drags , we are forced to reflect that its visual imagination is breathtaking

2)  No , I don't know why Steven Seagal is considered a star , nor why he keeps being cast in action films when none of them are ever any good or make any money .","1)  A somewhat disappointing and meandering saga .

2)  A visual spectacle full of stunning images and effects .","1)  Sometimes there are very , very good reasons for certain movies to be sealed in a jar and left on a remote shelf indefinitely .

2)  A positively thrilling combination of ethnography and all the intrigue , betrayal , deceit and murder of a Shakespearean tragedy or a juicy soap opera .","1)  Even fans of Ismail Merchant 's work , I suspect , would have a hard time sitting through this one .

2)  Narratively , Trouble Every Day is a plodding mess .","1)  A welcome relief from baseball movies that try too hard to be mythic , this one is a sweet and modest and ultimately winning story .

2)  I admire the closing scenes of the film , which seem to ask whether our civilization offers a cure for Vincent 's complaint .","1)  The film 's constant mood of melancholy and its unhurried narrative are masterfully controlled .

2)  I 've had more interesting -- and , dare I say , thematically complex -- bowel movements than this long-on-the-shelf , point-and-shoot exercise in gimmicky crime drama ","1)  More good than great but Freeman and Judd make it work .

2)  Everything its title implies , a standard-issue crime drama spat out from the Tinseltown assembly line .","1)  There 's little to recommend Snow Dogs , unless one considers cliched dialogue and perverse escapism a source of high hilarity .

2)  Provides a satisfactory overview of the bizarre world of extreme athletes as several daredevils express their own views .","1)  It is most remarkable not because of its epic scope , but because of the startling intimacy it achieves despite that breadth .

2)  The uneven movie does have its charms and its funny moments but not quite enough of them .","1)  Sometimes there are very , very good reasons for certain movies to be sealed in a jar and left on a remote shelf indefinitely .

2)  A welcome relief from baseball movies that try too hard to be mythic , this one is a sweet and modest and ultimately winning story .","1)  This painfully unfunny farce traffics in tired stereotypes and encumbers itself with complications ... that have no bearing on the story .

2)  Simply put , there should have been a more compelling excuse to pair Susan Sarandon and Goldie Hawn .","1)  Provides a satisfactory overview of the bizarre world of extreme athletes as several daredevils express their own views .

2)  The whole affair is as predictable as can be .","1)  A positively thrilling combination of ethnography and all the intrigue , betrayal , deceit and murder of a Shakespearean tragedy or a juicy soap opera .

2)  Opening with some contrived banter , cliches and some loose ends , the screenplay only comes into its own in the second half .","1)  New ways of describing badness need to be invented to describe exactly how bad it is .

2)  Kwan is a master of shadow , quietude , and room noise , and Lan Yu is a disarmingly lived-in movie .","1)  Narratively , Trouble Every Day is a plodding mess .

2)  The uneven movie does have its charms and its funny moments but not quite enough of them .","1)  Simply put , there should have been a more compelling excuse to pair Susan Sarandon and Goldie Hawn .

2)  Insomnia is one of the year 's best films and Pacino gives one of his most daring , and complicated , performances .","1)  Provides a satisfactory overview of the bizarre world of extreme athletes as several daredevils express their own views .

2)  The main characters are simply named The Husband , The Wife and The Kidnapper , emphasizing the disappointingly generic nature of the entire effort ."
"2020/07/22 3:52:04 PM GMT+5:30","2","7","8","7","2","1","9","8","8","2","2","1","8","2","9","3","8","1","7","5","7","2","6","3","3"