"Timestamp","1)  Romantic , riveting and handsomely animated .

2)  The film 's constant mood of melancholy and its unhurried narrative are masterfully controlled .","1)  Occasionally loud and offensive , but more often , it simply lulls you into a gentle waking coma .

2)  It is most remarkable not because of its epic scope , but because of the startling intimacy it achieves despite that breadth .","1)  The whole affair is as predictable as can be .

2)  The film does n't really care about the thousands of Americans who die hideously , it cares about how Ryan meets his future wife and makes his start at the CIA .","1)  Delia , Greta , and Paula rank as three of the most multilayered and sympathetic female characters of the year .

2)  The film 's constant mood of melancholy and its unhurried narrative are masterfully controlled .","1)  It is most remarkable not because of its epic scope , but because of the startling intimacy it achieves despite that breadth .

2)  More good than great but Freeman and Judd make it work .","1)  No , I don't know why Steven Seagal is considered a star , nor why he keeps being cast in action films when none of them are ever any good or make any money .

2)  Everything its title implies , a standard-issue crime drama spat out from the Tinseltown assembly line .","1)  It is most remarkable not because of its epic scope , but because of the startling intimacy it achieves despite that breadth .

2)  Kwan is a master of shadow , quietude , and room noise , and Lan Yu is a disarmingly lived-in movie .","1)  Occasionally loud and offensive , but more often , it simply lulls you into a gentle waking coma .

2)  The film does n't really care about the thousands of Americans who die hideously , it cares about how Ryan meets his future wife and makes his start at the CIA .","1)  This painfully unfunny farce traffics in tired stereotypes and encumbers itself with complications ... that have no bearing on the story .

2)  The respective charms of Sandra Bullock and Hugh Grant have worn threadbare .","1)  If you adored The Full Monty so resoundingly that you 're dying to see the same old thing in a tired old setting , then this should keep you reasonably entertained .

2)  It makes sense that he went back to school to check out the girls -- his film is a frat boy 's idea of a good time .","1)  Washington as possibly the best actor working in movies today

2)  A somewhat disappointing and meandering saga .","1)  Even fans of Ismail Merchant 's work , I suspect , would have a hard time sitting through this one .

2)  Romantic , riveting and handsomely animated .","1)  A laughable -- or rather , unlaughable -- excuse for a film .

2)  I 've had more interesting -- and , dare I say , thematically complex -- bowel movements than this long-on-the-shelf , point-and-shoot exercise in gimmicky crime drama ","1)  The uneven movie does have its charms and its funny moments but not quite enough of them .

2)  Everything its title implies , a standard-issue crime drama spat out from the Tinseltown assembly line .","1)  A positively thrilling combination of ethnography and all the intrigue , betrayal , deceit and murder of a Shakespearean tragedy or a juicy soap opera .

2)  Will probably be one of those movies barely registering a blip on the radar screen of 2002 .","1)  Even when it drags , we are forced to reflect that its visual imagination is breathtaking

2)  A visual spectacle full of stunning images and effects .","1)  This movie ... doesn't deserve the energy it takes to describe how bad it is .

2)  It 's consistently funny , in an irresistible junior-high way , and consistently free of any gag that would force you to give it a millisecond of thought .","1)  Provides a satisfactory overview of the bizarre world of extreme athletes as several daredevils express their own views .

2)  It 's consistently funny , in an irresistible junior-high way , and consistently free of any gag that would force you to give it a millisecond of thought .","1)  A welcome relief from baseball movies that try too hard to be mythic , this one is a sweet and modest and ultimately winning story .

2)  Punch-Drunk Love is so convinced of its own brilliance that , if it were a person , you 'd want to smash its face in.","1)  Romantic , riveting and handsomely animated .

2)  Everything its title implies , a standard-issue crime drama spat out from the Tinseltown assembly line .","1)  The film 's constant mood of melancholy and its unhurried narrative are masterfully controlled .

2)  Standing in the Shadows of Motown is the best kind of documentary , one that makes a depleted yesterday feel very much like a brand-new tomorrow .","1)  Washington as possibly the best actor working in movies today

2)  Kwan is a master of shadow , quietude , and room noise , and Lan Yu is a disarmingly lived-in movie .","1)  Punch-Drunk Love is so convinced of its own brilliance that , if it were a person , you 'd want to smash its face in.

2)  Insomnia is one of the year 's best films and Pacino gives one of his most daring , and complicated , performances .","1)  It pulls the rug out from under you , just when you 're ready to hate one character , or really sympathize with another character , something happens to send you off in different direction .

2)  The main characters are simply named The Husband , The Wife and The Kidnapper , emphasizing the disappointingly generic nature of the entire effort .","1)  Kwan is a master of shadow , quietude , and room noise , and Lan Yu is a disarmingly lived-in movie .

2)  A laughable -- or rather , unlaughable -- excuse for a film .","1)  Fresnadillo has something serious to say about the ways in which extravagant chance can distort our perspective and throw us off the path of good sense .

2)  Delia , Greta , and Paula rank as three of the most multilayered and sympathetic female characters of the year .","1)  Punch-Drunk Love is so convinced of its own brilliance that , if it were a person , you 'd want to smash its face in.

2)  An emotionally strong and politically potent piece of cinema .","1)  The whole affair is as predictable as can be .

2)  A somewhat disappointing and meandering saga .","1)  Sometimes there are very , very good reasons for certain movies to be sealed in a jar and left on a remote shelf indefinitely .

2)  The film does n't really care about the thousands of Americans who die hideously , it cares about how Ryan meets his future wife and makes his start at the CIA .","1)  Kwan is a master of shadow , quietude , and room noise , and Lan Yu is a disarmingly lived-in movie .

2)  A visual spectacle full of stunning images and effects ."
"2020/08/05 6:25:15 PM GMT+5:30","9","4","8","9","7","8","9","5","8","8","5","3","8","7","3","7","4","7","3","3","9","9","1","7","3","9","2","9","8","9"