"Timestamp","1)  A brilliant , absurd collection of vignettes that , in their own idiosyncratic way , sum up the strange horror of life in the new millennium .

2)  Even fans of Ismail Merchant 's work , I suspect , would have a hard time sitting through this one .","1)  Punch-Drunk Love is so convinced of its own brilliance that , if it were a person , you 'd want to smash its face in.

2)  My precious new Star Wars movie is a lumbering , wheezy drag ...","1)  Treasure Planet rivals the top Japanese animations of recent vintage .

2)  A brilliant , absurd collection of vignettes that , in their own idiosyncratic way , sum up the strange horror of life in the new millennium .","1)  This movie ... doesn't deserve the energy it takes to describe how bad it is .

2)  An emotionally strong and politically potent piece of cinema .","1)  Romantic , riveting and handsomely animated .

2)  It makes sense that he went back to school to check out the girls -- his film is a frat boy 's idea of a good time .","1)  Sometimes there are very , very good reasons for certain movies to be sealed in a jar and left on a remote shelf indefinitely .

2)  It pulls the rug out from under you , just when you 're ready to hate one character , or really sympathize with another character , something happens to send you off in different direction .","1)  Occasionally loud and offensive , but more often , it simply lulls you into a gentle waking coma .

2)  Insomnia is one of the year 's best films and Pacino gives one of his most daring , and complicated , performances .","1)  Narratively , Trouble Every Day is a plodding mess .

2)  The film does n't really care about the thousands of Americans who die hideously , it cares about how Ryan meets his future wife and makes his start at the CIA .","1)  A somewhat disappointing and meandering saga .

2)  Will probably be one of those movies barely registering a blip on the radar screen of 2002 .","1)  a genre that 's already a joke in the United States .

2)  More good than great but Freeman and Judd make it work .","1)  The respective charms of Sandra Bullock and Hugh Grant have worn threadbare .

2)  A laughable -- or rather , unlaughable -- excuse for a film .","1)  This painfully unfunny farce traffics in tired stereotypes and encumbers itself with complications ... that have no bearing on the story .

2)  Fresnadillo has something serious to say about the ways in which extravagant chance can distort our perspective and throw us off the path of good sense .","1)  Washington as possibly the best actor working in movies today

2)  Sometimes there are very , very good reasons for certain movies to be sealed in a jar and left on a remote shelf indefinitely .","1)  A positively thrilling combination of ethnography and all the intrigue , betrayal , deceit and murder of a Shakespearean tragedy or a juicy soap opera .

2)  It is messy , uncouth , incomprehensible , vicious and absurd .","1)  A brilliant , absurd collection of vignettes that , in their own idiosyncratic way , sum up the strange horror of life in the new millennium .

2)  Kwan is a master of shadow , quietude , and room noise , and Lan Yu is a disarmingly lived-in movie .","1)  The main characters are simply named The Husband , The Wife and The Kidnapper , emphasizing the disappointingly generic nature of the entire effort .

2)  I admire the closing scenes of the film , which seem to ask whether our civilization offers a cure for Vincent 's complaint .","1)  The uneven movie does have its charms and its funny moments but not quite enough of them .

2)  The film 's constant mood of melancholy and its unhurried narrative are masterfully controlled .","1)  More good than great but Freeman and Judd make it work .

2)  This movie ... doesn't deserve the energy it takes to describe how bad it is .","1)  It pulls the rug out from under you , just when you 're ready to hate one character , or really sympathize with another character , something happens to send you off in different direction .

2)  I admire the closing scenes of the film , which seem to ask whether our civilization offers a cure for Vincent 's complaint .","1)  More good than great but Freeman and Judd make it work .

2)  Kwan is a master of shadow , quietude , and room noise , and Lan Yu is a disarmingly lived-in movie .","1)  This painfully unfunny farce traffics in tired stereotypes and encumbers itself with complications ... that have no bearing on the story .

2)  There 's little to recommend Snow Dogs , unless one considers cliched dialogue and perverse escapism a source of high hilarity .","1)  I admire the closing scenes of the film , which seem to ask whether our civilization offers a cure for Vincent 's complaint .

2)  The respective charms of Sandra Bullock and Hugh Grant have worn threadbare .","1)  A brilliant , absurd collection of vignettes that , in their own idiosyncratic way , sum up the strange horror of life in the new millennium .

2)  Will probably be one of those movies barely registering a blip on the radar screen of 2002 .","1)  Insomnia is one of the year 's best films and Pacino gives one of his most daring , and complicated , performances .

2)  It is messy , uncouth , incomprehensible , vicious and absurd .","1)  It is most remarkable not because of its epic scope , but because of the startling intimacy it achieves despite that breadth .

2)  Will probably be one of those movies barely registering a blip on the radar screen of 2002 .","1)  Provides a satisfactory overview of the bizarre world of extreme athletes as several daredevils express their own views .

2)  No , I don't know why Steven Seagal is considered a star , nor why he keeps being cast in action films when none of them are ever any good or make any money .","1)  Even when it drags , we are forced to reflect that its visual imagination is breathtaking

2)  It makes sense that he went back to school to check out the girls -- his film is a frat boy 's idea of a good time .","1)  A positively thrilling combination of ethnography and all the intrigue , betrayal , deceit and murder of a Shakespearean tragedy or a juicy soap opera .

2)  It makes sense that he went back to school to check out the girls -- his film is a frat boy 's idea of a good time .","1)  Delia , Greta , and Paula rank as three of the most multilayered and sympathetic female characters of the year .

2)  I 've had more interesting -- and , dare I say , thematically complex -- bowel movements than this long-on-the-shelf , point-and-shoot exercise in gimmicky crime drama ","1)  Delia , Greta , and Paula rank as three of the most multilayered and sympathetic female characters of the year .

2)  A laughable -- or rather , unlaughable -- excuse for a film ."
"2020/07/03 12:31:54 PM GMT+5:30","2","2","3","3","2","3","4","2","1","6","4","4","2","3","7","4","9","4","9","8","8","3","8","5","9","8","3","3","2","3"
"2020/07/04 12:24:37 PM GMT+5:30","9","3","1","1","10","2","3","4","2","9","10","8","3","7","7","2","3","1","10","10","","","","","","","","","",""
"2020/07/12 7:42:48 AM GMT+5:30","1","3","4","1","1","3","6","6","8","4","7","4","1","3","9","1","3","3","4","4","9","3","1","1","1","2","1","1","1","1"