"Timestamp","1)  Occasionally loud and offensive , but more often , it simply lulls you into a gentle waking coma .

2)  An emotionally strong and politically potent piece of cinema .","1)  Treasure Planet rivals the top Japanese animations of recent vintage .

2)  More good than great but Freeman and Judd make it work .","1)  This painfully unfunny farce traffics in tired stereotypes and encumbers itself with complications ... that have no bearing on the story .

2)  It makes sense that he went back to school to check out the girls -- his film is a frat boy 's idea of a good time .","1)  Even when it drags , we are forced to reflect that its visual imagination is breathtaking

2)  The respective charms of Sandra Bullock and Hugh Grant have worn threadbare .","1)  Dripping with cliche and bypassing no opportunity to trivialize the material .

2)  Romantic , riveting and handsomely animated .","1)  Occasionally loud and offensive , but more often , it simply lulls you into a gentle waking coma .

2)  If you adored The Full Monty so resoundingly that you 're dying to see the same old thing in a tired old setting , then this should keep you reasonably entertained .","1)  Fresnadillo has something serious to say about the ways in which extravagant chance can distort our perspective and throw us off the path of good sense .

2)  Dripping with cliche and bypassing no opportunity to trivialize the material .","1)  Simply put , there should have been a more compelling excuse to pair Susan Sarandon and Goldie Hawn .

2)  An emotionally strong and politically potent piece of cinema .","1)  Fresnadillo has something serious to say about the ways in which extravagant chance can distort our perspective and throw us off the path of good sense .

2)  Standing in the Shadows of Motown is the best kind of documentary , one that makes a depleted yesterday feel very much like a brand-new tomorrow .","1)  While this has the making of melodrama , the filmmaker cuts against this natural grain , producing a work that 's more interested in asking questions than in answering them .

2)  The film 's constant mood of melancholy and its unhurried narrative are masterfully controlled .","1)  A welcome relief from baseball movies that try too hard to be mythic , this one is a sweet and modest and ultimately winning story .

2)  Delia , Greta , and Paula rank as three of the most multilayered and sympathetic female characters of the year .","1)  Provides a satisfactory overview of the bizarre world of extreme athletes as several daredevils express their own views .

2)  It is most remarkable not because of its epic scope , but because of the startling intimacy it achieves despite that breadth .","1)  a genre that 's already a joke in the United States .

2)  Even when it drags , we are forced to reflect that its visual imagination is breathtaking","1)  Dripping with cliche and bypassing no opportunity to trivialize the material .

2)  This movie ... doesn't deserve the energy it takes to describe how bad it is .","1)  Fresnadillo has something serious to say about the ways in which extravagant chance can distort our perspective and throw us off the path of good sense .

2)  Opening with some contrived banter , cliches and some loose ends , the screenplay only comes into its own in the second half .","1)  This movie ... doesn't deserve the energy it takes to describe how bad it is .

2)  Standing in the Shadows of Motown is the best kind of documentary , one that makes a depleted yesterday feel very much like a brand-new tomorrow .","1)  Simply put , there should have been a more compelling excuse to pair Susan Sarandon and Goldie Hawn .

2)  The film does n't really care about the thousands of Americans who die hideously , it cares about how Ryan meets his future wife and makes his start at the CIA .","1)  a genre that 's already a joke in the United States .

2)  It 's consistently funny , in an irresistible junior-high way , and consistently free of any gag that would force you to give it a millisecond of thought .","1)  This painfully unfunny farce traffics in tired stereotypes and encumbers itself with complications ... that have no bearing on the story .

2)  It 's consistently funny , in an irresistible junior-high way , and consistently free of any gag that would force you to give it a millisecond of thought .","1)  A brilliant , absurd collection of vignettes that , in their own idiosyncratic way , sum up the strange horror of life in the new millennium .

2)  An emotionally strong and politically potent piece of cinema .","1)  Even fans of Ismail Merchant 's work , I suspect , would have a hard time sitting through this one .

2)  Standing in the Shadows of Motown is the best kind of documentary , one that makes a depleted yesterday feel very much like a brand-new tomorrow .","1)  A positively thrilling combination of ethnography and all the intrigue , betrayal , deceit and murder of a Shakespearean tragedy or a juicy soap opera .

2)  While this has the making of melodrama , the filmmaker cuts against this natural grain , producing a work that 's more interested in asking questions than in answering them .","1)  The film does n't really care about the thousands of Americans who die hideously , it cares about how Ryan meets his future wife and makes his start at the CIA .

2)  It 's consistently funny , in an irresistible junior-high way , and consistently free of any gag that would force you to give it a millisecond of thought .","1)  a genre that 's already a joke in the United States .

2)  Narratively , Trouble Every Day is a plodding mess .","1)  A welcome relief from baseball movies that try too hard to be mythic , this one is a sweet and modest and ultimately winning story .

2)  New ways of describing badness need to be invented to describe exactly how bad it is .","1)  Simply put , there should have been a more compelling excuse to pair Susan Sarandon and Goldie Hawn .

2)  It makes sense that he went back to school to check out the girls -- his film is a frat boy 's idea of a good time .","1)  The uneven movie does have its charms and its funny moments but not quite enough of them .

2)  It 's consistently funny , in an irresistible junior-high way , and consistently free of any gag that would force you to give it a millisecond of thought .","1)  Even fans of Ismail Merchant 's work , I suspect , would have a hard time sitting through this one .

2)  More good than great but Freeman and Judd make it work .","1)  This movie ... doesn't deserve the energy it takes to describe how bad it is .

2)  Everything its title implies , a standard-issue crime drama spat out from the Tinseltown assembly line .","1)  a genre that 's already a joke in the United States .

2)  The film 's constant mood of melancholy and its unhurried narrative are masterfully controlled ."
"2020/07/22 3:22:18 PM GMT+5:30","6","4","1","3","3","10","6","3","7","10","2","5","1","5","7","1","7","3","2","8","4","8","2","10","5","3","6","3","1","1"
"2020/07/22 4:12:17 PM GMT+5:30","6","8","3","3","8","8","2","1","2","2","9","9","1","1","5","1","7","2","1","9","2","3","2","8","1","7","7","3","8","1"