"Timestamp","1)  There 's little to recommend Snow Dogs , unless one considers cliched dialogue and perverse escapism a source of high hilarity .

2)  A welcome relief from baseball movies that try too hard to be mythic , this one is a sweet and modest and ultimately winning story .","1)  Provides a satisfactory overview of the bizarre world of extreme athletes as several daredevils express their own views .

2)  I 've had more interesting -- and , dare I say , thematically complex -- bowel movements than this long-on-the-shelf , point-and-shoot exercise in gimmicky crime drama ","1)  Sometimes there are very , very good reasons for certain movies to be sealed in a jar and left on a remote shelf indefinitely .

2)  The main characters are simply named The Husband , The Wife and The Kidnapper , emphasizing the disappointingly generic nature of the entire effort .","1)  The whole affair is as predictable as can be .

2)  Kwan is a master of shadow , quietude , and room noise , and Lan Yu is a disarmingly lived-in movie .","1)  Washington as possibly the best actor working in movies today

2)  Fresnadillo has something serious to say about the ways in which extravagant chance can distort our perspective and throw us off the path of good sense .","1)  A welcome relief from baseball movies that try too hard to be mythic , this one is a sweet and modest and ultimately winning story .

2)  Simply put , there should have been a more compelling excuse to pair Susan Sarandon and Goldie Hawn .","1)  Washington as possibly the best actor working in movies today

2)  I 've had more interesting -- and , dare I say , thematically complex -- bowel movements than this long-on-the-shelf , point-and-shoot exercise in gimmicky crime drama ","1)  Opening with some contrived banter , cliches and some loose ends , the screenplay only comes into its own in the second half .

2)  Will probably be one of those movies barely registering a blip on the radar screen of 2002 .","1)  An emotionally strong and politically potent piece of cinema .

2)  A visual spectacle full of stunning images and effects .","1)  While this has the making of melodrama , the filmmaker cuts against this natural grain , producing a work that 's more interested in asking questions than in answering them .

2)  Insomnia is one of the year 's best films and Pacino gives one of his most daring , and complicated , performances .","1)  This painfully unfunny farce traffics in tired stereotypes and encumbers itself with complications ... that have no bearing on the story .

2)  A visual spectacle full of stunning images and effects .","1)  More good than great but Freeman and Judd make it work .

2)  I 've had more interesting -- and , dare I say , thematically complex -- bowel movements than this long-on-the-shelf , point-and-shoot exercise in gimmicky crime drama ","1)  The respective charms of Sandra Bullock and Hugh Grant have worn threadbare .

2)  It makes sense that he went back to school to check out the girls -- his film is a frat boy 's idea of a good time .","1)  Narratively , Trouble Every Day is a plodding mess .

2)  A visual spectacle full of stunning images and effects .","1)  a genre that 's already a joke in the United States .

2)  If you adored The Full Monty so resoundingly that you 're dying to see the same old thing in a tired old setting , then this should keep you reasonably entertained .","1)  An emotionally strong and politically potent piece of cinema .

2)  It 's consistently funny , in an irresistible junior-high way , and consistently free of any gag that would force you to give it a millisecond of thought .","1)  Treasure Planet rivals the top Japanese animations of recent vintage .

2)  While this has the making of melodrama , the filmmaker cuts against this natural grain , producing a work that 's more interested in asking questions than in answering them .","1)  Even when it drags , we are forced to reflect that its visual imagination is breathtaking

2)  Dripping with cliche and bypassing no opportunity to trivialize the material .","1)  A positively thrilling combination of ethnography and all the intrigue , betrayal , deceit and murder of a Shakespearean tragedy or a juicy soap opera .

2)  An emotionally strong and politically potent piece of cinema .","1)  A positively thrilling combination of ethnography and all the intrigue , betrayal , deceit and murder of a Shakespearean tragedy or a juicy soap opera .

2)  A somewhat disappointing and meandering saga .","1)  The whole affair is as predictable as can be .

2)  Narratively , Trouble Every Day is a plodding mess .","1)  Occasionally loud and offensive , but more often , it simply lulls you into a gentle waking coma .

2)  The main characters are simply named The Husband , The Wife and The Kidnapper , emphasizing the disappointingly generic nature of the entire effort .","1)  Dripping with cliche and bypassing no opportunity to trivialize the material .

2)  Even fans of Ismail Merchant 's work , I suspect , would have a hard time sitting through this one .","1)  A brilliant , absurd collection of vignettes that , in their own idiosyncratic way , sum up the strange horror of life in the new millennium .

2)  It makes sense that he went back to school to check out the girls -- his film is a frat boy 's idea of a good time .","1)  Washington as possibly the best actor working in movies today

2)  It is messy , uncouth , incomprehensible , vicious and absurd .","1)  A somewhat disappointing and meandering saga .

2)  Standing in the Shadows of Motown is the best kind of documentary , one that makes a depleted yesterday feel very much like a brand-new tomorrow .","1)  The whole affair is as predictable as can be .

2)  I 've had more interesting -- and , dare I say , thematically complex -- bowel movements than this long-on-the-shelf , point-and-shoot exercise in gimmicky crime drama ","1)  No , I don't know why Steven Seagal is considered a star , nor why he keeps being cast in action films when none of them are ever any good or make any money .

2)  More good than great but Freeman and Judd make it work .","1)  There 's little to recommend Snow Dogs , unless one considers cliched dialogue and perverse escapism a source of high hilarity .

2)  Standing in the Shadows of Motown is the best kind of documentary , one that makes a depleted yesterday feel very much like a brand-new tomorrow .","1)  A positively thrilling combination of ethnography and all the intrigue , betrayal , deceit and murder of a Shakespearean tragedy or a juicy soap opera .

2)  It is most remarkable not because of its epic scope , but because of the startling intimacy it achieves despite that breadth ."
"2020/07/15 12:07:54 PM GMT+5:30","8","5","7","6","6","6","8","5","5","6","7","4","6","7","6","5","6","7","5","7","7","7","6","7","5","7","7","6","7","6"