"Timestamp","1)  Treasure Planet rivals the top Japanese animations of recent vintage .

2)  Dripping with cliche and bypassing no opportunity to trivialize the material .","1)  It is most remarkable not because of its epic scope , but because of the startling intimacy it achieves despite that breadth .

2)  This movie ... doesn't deserve the energy it takes to describe how bad it is .","1)  It pulls the rug out from under you , just when you 're ready to hate one character , or really sympathize with another character , something happens to send you off in different direction .

2)  It is messy , uncouth , incomprehensible , vicious and absurd .","1)  A laughable -- or rather , unlaughable -- excuse for a film .

2)  Standing in the Shadows of Motown is the best kind of documentary , one that makes a depleted yesterday feel very much like a brand-new tomorrow .","1)  a genre that 's already a joke in the United States .

2)  While this has the making of melodrama , the filmmaker cuts against this natural grain , producing a work that 's more interested in asking questions than in answering them .","1)  Occasionally loud and offensive , but more often , it simply lulls you into a gentle waking coma .

2)  I 've had more interesting -- and , dare I say , thematically complex -- bowel movements than this long-on-the-shelf , point-and-shoot exercise in gimmicky crime drama ","1)  It 's consistently funny , in an irresistible junior-high way , and consistently free of any gag that would force you to give it a millisecond of thought .

2)  A visual spectacle full of stunning images and effects .","1)  The main characters are simply named The Husband , The Wife and The Kidnapper , emphasizing the disappointingly generic nature of the entire effort .

2)  It makes sense that he went back to school to check out the girls -- his film is a frat boy 's idea of a good time .","1)  Fresnadillo has something serious to say about the ways in which extravagant chance can distort our perspective and throw us off the path of good sense .

2)  It pulls the rug out from under you , just when you 're ready to hate one character , or really sympathize with another character , something happens to send you off in different direction .","1)  Occasionally loud and offensive , but more often , it simply lulls you into a gentle waking coma .

2)  This movie ... doesn't deserve the energy it takes to describe how bad it is .","1)  This movie ... doesn't deserve the energy it takes to describe how bad it is .

2)  I 've had more interesting -- and , dare I say , thematically complex -- bowel movements than this long-on-the-shelf , point-and-shoot exercise in gimmicky crime drama ","1)  The film does n't really care about the thousands of Americans who die hideously , it cares about how Ryan meets his future wife and makes his start at the CIA .

2)  If you adored The Full Monty so resoundingly that you 're dying to see the same old thing in a tired old setting , then this should keep you reasonably entertained .","1)  a genre that 's already a joke in the United States .

2)  The respective charms of Sandra Bullock and Hugh Grant have worn threadbare .","1)  Punch-Drunk Love is so convinced of its own brilliance that , if it were a person , you 'd want to smash its face in.

2)  It makes sense that he went back to school to check out the girls -- his film is a frat boy 's idea of a good time .","1)  Provides a satisfactory overview of the bizarre world of extreme athletes as several daredevils express their own views .

2)  A positively thrilling combination of ethnography and all the intrigue , betrayal , deceit and murder of a Shakespearean tragedy or a juicy soap opera .","1)  New ways of describing badness need to be invented to describe exactly how bad it is .

2)  Punch-Drunk Love is so convinced of its own brilliance that , if it were a person , you 'd want to smash its face in.","1)  a genre that 's already a joke in the United States .

2)  Fresnadillo has something serious to say about the ways in which extravagant chance can distort our perspective and throw us off the path of good sense .","1)  The respective charms of Sandra Bullock and Hugh Grant have worn threadbare .

2)  If you adored The Full Monty so resoundingly that you 're dying to see the same old thing in a tired old setting , then this should keep you reasonably entertained .","1)  More good than great but Freeman and Judd make it work .

2)  Insomnia is one of the year 's best films and Pacino gives one of his most daring , and complicated , performances .","1)  This painfully unfunny farce traffics in tired stereotypes and encumbers itself with complications ... that have no bearing on the story .

2)  A welcome relief from baseball movies that try too hard to be mythic , this one is a sweet and modest and ultimately winning story .","1)  Occasionally loud and offensive , but more often , it simply lulls you into a gentle waking coma .

2)  My precious new Star Wars movie is a lumbering , wheezy drag ...","1)  a genre that 's already a joke in the United States .

2)  It is messy , uncouth , incomprehensible , vicious and absurd .","1)  The whole affair is as predictable as can be .

2)  Delia , Greta , and Paula rank as three of the most multilayered and sympathetic female characters of the year .","1)  There 's little to recommend Snow Dogs , unless one considers cliched dialogue and perverse escapism a source of high hilarity .

2)  A somewhat disappointing and meandering saga .","1)  Provides a satisfactory overview of the bizarre world of extreme athletes as several daredevils express their own views .

2)  Delia , Greta , and Paula rank as three of the most multilayered and sympathetic female characters of the year .","1)  The whole affair is as predictable as can be .

2)  The film 's constant mood of melancholy and its unhurried narrative are masterfully controlled .","1)  The film does n't really care about the thousands of Americans who die hideously , it cares about how Ryan meets his future wife and makes his start at the CIA .

2)  An emotionally strong and politically potent piece of cinema .","1)  It is most remarkable not because of its epic scope , but because of the startling intimacy it achieves despite that breadth .

2)  Dripping with cliche and bypassing no opportunity to trivialize the material .","1)  Narratively , Trouble Every Day is a plodding mess .

2)  The film 's constant mood of melancholy and its unhurried narrative are masterfully controlled .","1)  Fresnadillo has something serious to say about the ways in which extravagant chance can distort our perspective and throw us off the path of good sense .

2)  The uneven movie does have its charms and its funny moments but not quite enough of them ."
"2020/07/07 2:01:44 PM GMT+5:30","1","1","4","1","4","9","8","4","9","9","9","4","10","4","8","10","2","4","7","1","10","7","1","10","8","2","5","2","2","4"