"Timestamp","1)  Insomnia is one of the year 's best films and Pacino gives one of his most daring , and complicated , performances .

2)  It 's consistently funny , in an irresistible junior-high way , and consistently free of any gag that would force you to give it a millisecond of thought .","1)  An emotionally strong and politically potent piece of cinema .

2)  It is messy , uncouth , incomprehensible , vicious and absurd .","1)  a genre that 's already a joke in the United States .

2)  The uneven movie does have its charms and its funny moments but not quite enough of them .","1)  Washington as possibly the best actor working in movies today

2)  The respective charms of Sandra Bullock and Hugh Grant have worn threadbare .","1)  a genre that 's already a joke in the United States .

2)  The main characters are simply named The Husband , The Wife and The Kidnapper , emphasizing the disappointingly generic nature of the entire effort .","1)  It pulls the rug out from under you , just when you 're ready to hate one character , or really sympathize with another character , something happens to send you off in different direction .

2)  A brilliant , absurd collection of vignettes that , in their own idiosyncratic way , sum up the strange horror of life in the new millennium .","1)  Everything its title implies , a standard-issue crime drama spat out from the Tinseltown assembly line .

2)  It 's consistently funny , in an irresistible junior-high way , and consistently free of any gag that would force you to give it a millisecond of thought .","1)  If you adored The Full Monty so resoundingly that you 're dying to see the same old thing in a tired old setting , then this should keep you reasonably entertained .

2)  A visual spectacle full of stunning images and effects .","1)  There 's little to recommend Snow Dogs , unless one considers cliched dialogue and perverse escapism a source of high hilarity .

2)  It makes sense that he went back to school to check out the girls -- his film is a frat boy 's idea of a good time .","1)  a genre that 's already a joke in the United States .

2)  Sometimes there are very , very good reasons for certain movies to be sealed in a jar and left on a remote shelf indefinitely .","1)  Opening with some contrived banter , cliches and some loose ends , the screenplay only comes into its own in the second half .

2)  This movie ... doesn't deserve the energy it takes to describe how bad it is .","1)  Washington as possibly the best actor working in movies today

2)  The uneven movie does have its charms and its funny moments but not quite enough of them .","1)  This painfully unfunny farce traffics in tired stereotypes and encumbers itself with complications ... that have no bearing on the story .

2)  Occasionally loud and offensive , but more often , it simply lulls you into a gentle waking coma .","1)  Washington as possibly the best actor working in movies today

2)  My precious new Star Wars movie is a lumbering , wheezy drag ...","1)  The whole affair is as predictable as can be .

2)  A laughable -- or rather , unlaughable -- excuse for a film .","1)  There 's little to recommend Snow Dogs , unless one considers cliched dialogue and perverse escapism a source of high hilarity .

2)  While this has the making of melodrama , the filmmaker cuts against this natural grain , producing a work that 's more interested in asking questions than in answering them .","1)  It is most remarkable not because of its epic scope , but because of the startling intimacy it achieves despite that breadth .

2)  Romantic , riveting and handsomely animated .","1)  Romantic , riveting and handsomely animated .

2)  Punch-Drunk Love is so convinced of its own brilliance that , if it were a person , you 'd want to smash its face in.","1)  No , I don't know why Steven Seagal is considered a star , nor why he keeps being cast in action films when none of them are ever any good or make any money .

2)  It is messy , uncouth , incomprehensible , vicious and absurd .","1)  It is most remarkable not because of its epic scope , but because of the startling intimacy it achieves despite that breadth .

2)  Delia , Greta , and Paula rank as three of the most multilayered and sympathetic female characters of the year .","1)  Kwan is a master of shadow , quietude , and room noise , and Lan Yu is a disarmingly lived-in movie .

2)  It is messy , uncouth , incomprehensible , vicious and absurd .","1)  An emotionally strong and politically potent piece of cinema .

2)  It makes sense that he went back to school to check out the girls -- his film is a frat boy 's idea of a good time .","1)  a genre that 's already a joke in the United States .

2)  Provides a satisfactory overview of the bizarre world of extreme athletes as several daredevils express their own views .","1)  A welcome relief from baseball movies that try too hard to be mythic , this one is a sweet and modest and ultimately winning story .

2)  Kwan is a master of shadow , quietude , and room noise , and Lan Yu is a disarmingly lived-in movie .","1)  The whole affair is as predictable as can be .

2)  It makes sense that he went back to school to check out the girls -- his film is a frat boy 's idea of a good time .","1)  If you adored The Full Monty so resoundingly that you 're dying to see the same old thing in a tired old setting , then this should keep you reasonably entertained .

2)  It is messy , uncouth , incomprehensible , vicious and absurd .","1)  While this has the making of melodrama , the filmmaker cuts against this natural grain , producing a work that 's more interested in asking questions than in answering them .

2)  The uneven movie does have its charms and its funny moments but not quite enough of them .","1)  My precious new Star Wars movie is a lumbering , wheezy drag ...

2)  It 's consistently funny , in an irresistible junior-high way , and consistently free of any gag that would force you to give it a millisecond of thought .","1)  The whole affair is as predictable as can be .

2)  Even fans of Ismail Merchant 's work , I suspect , would have a hard time sitting through this one .","1)  Simply put , there should have been a more compelling excuse to pair Susan Sarandon and Goldie Hawn .

2)  A somewhat disappointing and meandering saga ."
"2020/07/07 4:06:42 PM GMT+5:30","5","1","8","10","5","8","2","9","7","10","9","5","1","8","2","3","9","5","10","9","8","2","10","3","9","2","3","5","7","7"