"Timestamp","1)  It pulls the rug out from under you , just when you 're ready to hate one character , or really sympathize with another character , something happens to send you off in different direction .

2)  New ways of describing badness need to be invented to describe exactly how bad it is .","1)  The main characters are simply named The Husband , The Wife and The Kidnapper , emphasizing the disappointingly generic nature of the entire effort .

2)  A somewhat disappointing and meandering saga .","1)  A positively thrilling combination of ethnography and all the intrigue , betrayal , deceit and murder of a Shakespearean tragedy or a juicy soap opera .

2)  It 's consistently funny , in an irresistible junior-high way , and consistently free of any gag that would force you to give it a millisecond of thought .","1)  a genre that 's already a joke in the United States .

2)  This painfully unfunny farce traffics in tired stereotypes and encumbers itself with complications ... that have no bearing on the story .","1)  There 's little to recommend Snow Dogs , unless one considers cliched dialogue and perverse escapism a source of high hilarity .

2)  My precious new Star Wars movie is a lumbering , wheezy drag ...","1)  This painfully unfunny farce traffics in tired stereotypes and encumbers itself with complications ... that have no bearing on the story .

2)  Narratively , Trouble Every Day is a plodding mess .","1)  A positively thrilling combination of ethnography and all the intrigue , betrayal , deceit and murder of a Shakespearean tragedy or a juicy soap opera .

2)  Insomnia is one of the year 's best films and Pacino gives one of his most daring , and complicated , performances .","1)  Provides a satisfactory overview of the bizarre world of extreme athletes as several daredevils express their own views .

2)  Simply put , there should have been a more compelling excuse to pair Susan Sarandon and Goldie Hawn .","1)  This painfully unfunny farce traffics in tired stereotypes and encumbers itself with complications ... that have no bearing on the story .

2)  Standing in the Shadows of Motown is the best kind of documentary , one that makes a depleted yesterday feel very much like a brand-new tomorrow .","1)  I admire the closing scenes of the film , which seem to ask whether our civilization offers a cure for Vincent 's complaint .

2)  Delia , Greta , and Paula rank as three of the most multilayered and sympathetic female characters of the year .","1)  Provides a satisfactory overview of the bizarre world of extreme athletes as several daredevils express their own views .

2)  Treasure Planet rivals the top Japanese animations of recent vintage .","1)  The respective charms of Sandra Bullock and Hugh Grant have worn threadbare .

2)  An emotionally strong and politically potent piece of cinema .","1)  The film does n't really care about the thousands of Americans who die hideously , it cares about how Ryan meets his future wife and makes his start at the CIA .

2)  The film 's constant mood of melancholy and its unhurried narrative are masterfully controlled .","1)  Fresnadillo has something serious to say about the ways in which extravagant chance can distort our perspective and throw us off the path of good sense .

2)  Kwan is a master of shadow , quietude , and room noise , and Lan Yu is a disarmingly lived-in movie .","1)  There 's little to recommend Snow Dogs , unless one considers cliched dialogue and perverse escapism a source of high hilarity .

2)  Romantic , riveting and handsomely animated .","1)  Occasionally loud and offensive , but more often , it simply lulls you into a gentle waking coma .

2)  The respective charms of Sandra Bullock and Hugh Grant have worn threadbare .","1)  Sometimes there are very , very good reasons for certain movies to be sealed in a jar and left on a remote shelf indefinitely .

2)  My precious new Star Wars movie is a lumbering , wheezy drag ...","1)  Romantic , riveting and handsomely animated .

2)  Narratively , Trouble Every Day is a plodding mess .","1)  This painfully unfunny farce traffics in tired stereotypes and encumbers itself with complications ... that have no bearing on the story .

2)  An emotionally strong and politically potent piece of cinema .","1)  Provides a satisfactory overview of the bizarre world of extreme athletes as several daredevils express their own views .

2)  Narratively , Trouble Every Day is a plodding mess .","1)  A brilliant , absurd collection of vignettes that , in their own idiosyncratic way , sum up the strange horror of life in the new millennium .

2)  More good than great but Freeman and Judd make it work .","1)  While this has the making of melodrama , the filmmaker cuts against this natural grain , producing a work that 's more interested in asking questions than in answering them .

2)  A visual spectacle full of stunning images and effects .","1)  Insomnia is one of the year 's best films and Pacino gives one of his most daring , and complicated , performances .

2)  A somewhat disappointing and meandering saga .","1)  This movie ... doesn't deserve the energy it takes to describe how bad it is .

2)  A visual spectacle full of stunning images and effects .","1)  It pulls the rug out from under you , just when you 're ready to hate one character , or really sympathize with another character , something happens to send you off in different direction .

2)  Even fans of Ismail Merchant 's work , I suspect , would have a hard time sitting through this one .","1)  Opening with some contrived banter , cliches and some loose ends , the screenplay only comes into its own in the second half .

2)  It is messy , uncouth , incomprehensible , vicious and absurd .","1)  There 's little to recommend Snow Dogs , unless one considers cliched dialogue and perverse escapism a source of high hilarity .

2)  Even fans of Ismail Merchant 's work , I suspect , would have a hard time sitting through this one .","1)  There 's little to recommend Snow Dogs , unless one considers cliched dialogue and perverse escapism a source of high hilarity .

2)  It is most remarkable not because of its epic scope , but because of the startling intimacy it achieves despite that breadth .","1)  While this has the making of melodrama , the filmmaker cuts against this natural grain , producing a work that 's more interested in asking questions than in answering them .

2)  Standing in the Shadows of Motown is the best kind of documentary , one that makes a depleted yesterday feel very much like a brand-new tomorrow .","1)  A positively thrilling combination of ethnography and all the intrigue , betrayal , deceit and murder of a Shakespearean tragedy or a juicy soap opera .

2)  Romantic , riveting and handsomely animated ."
"2020/07/04 2:54:55 PM GMT+5:30","2","1","1","1","1","1","2","1","2","2","1","3","3","2","1","1","1","1","2","2","2","2","1","1","3","1","2","2","3","4"
"2020/07/12 4:07:06 AM GMT+5:30","2","7","4","6","6","7","8","2","3","7","6","3","3","6","2","4","7","1","2","3","6","3","3","1","4","6","8","2","3","9"