"Timestamp","1)  Dripping with cliche and bypassing no opportunity to trivialize the material .

2)  A somewhat disappointing and meandering saga .","1)  The film 's constant mood of melancholy and its unhurried narrative are masterfully controlled .

2)  It 's consistently funny , in an irresistible junior-high way , and consistently free of any gag that would force you to give it a millisecond of thought .","1)  It pulls the rug out from under you , just when you 're ready to hate one character , or really sympathize with another character , something happens to send you off in different direction .

2)  My precious new Star Wars movie is a lumbering , wheezy drag ...","1)  Washington as possibly the best actor working in movies today

2)  This movie ... doesn't deserve the energy it takes to describe how bad it is .","1)  Washington as possibly the best actor working in movies today

2)  A laughable -- or rather , unlaughable -- excuse for a film .","1)  Occasionally loud and offensive , but more often , it simply lulls you into a gentle waking coma .

2)  Will probably be one of those movies barely registering a blip on the radar screen of 2002 .","1)  A positively thrilling combination of ethnography and all the intrigue , betrayal , deceit and murder of a Shakespearean tragedy or a juicy soap opera .

2)  Even fans of Ismail Merchant 's work , I suspect , would have a hard time sitting through this one .","1)  A welcome relief from baseball movies that try too hard to be mythic , this one is a sweet and modest and ultimately winning story .

2)  Everything its title implies , a standard-issue crime drama spat out from the Tinseltown assembly line .","1)  A welcome relief from baseball movies that try too hard to be mythic , this one is a sweet and modest and ultimately winning story .

2)  It pulls the rug out from under you , just when you 're ready to hate one character , or really sympathize with another character , something happens to send you off in different direction .","1)  Provides a satisfactory overview of the bizarre world of extreme athletes as several daredevils express their own views .

2)  A brilliant , absurd collection of vignettes that , in their own idiosyncratic way , sum up the strange horror of life in the new millennium .","1)  A visual spectacle full of stunning images and effects .

2)  Standing in the Shadows of Motown is the best kind of documentary , one that makes a depleted yesterday feel very much like a brand-new tomorrow .","1)  New ways of describing badness need to be invented to describe exactly how bad it is .

2)  My precious new Star Wars movie is a lumbering , wheezy drag ...","1)  Even fans of Ismail Merchant 's work , I suspect , would have a hard time sitting through this one .

2)  Insomnia is one of the year 's best films and Pacino gives one of his most daring , and complicated , performances .","1)  Insomnia is one of the year 's best films and Pacino gives one of his most daring , and complicated , performances .

2)  A visual spectacle full of stunning images and effects .","1)  Everything its title implies , a standard-issue crime drama spat out from the Tinseltown assembly line .

2)  Standing in the Shadows of Motown is the best kind of documentary , one that makes a depleted yesterday feel very much like a brand-new tomorrow .","1)  I admire the closing scenes of the film , which seem to ask whether our civilization offers a cure for Vincent 's complaint .

2)  Standing in the Shadows of Motown is the best kind of documentary , one that makes a depleted yesterday feel very much like a brand-new tomorrow .","1)  This painfully unfunny farce traffics in tired stereotypes and encumbers itself with complications ... that have no bearing on the story .

2)  It pulls the rug out from under you , just when you 're ready to hate one character , or really sympathize with another character , something happens to send you off in different direction .","1)  Washington as possibly the best actor working in movies today

2)  The whole affair is as predictable as can be .","1)  Kwan is a master of shadow , quietude , and room noise , and Lan Yu is a disarmingly lived-in movie .

2)  Punch-Drunk Love is so convinced of its own brilliance that , if it were a person , you 'd want to smash its face in.","1)  The uneven movie does have its charms and its funny moments but not quite enough of them .

2)  An emotionally strong and politically potent piece of cinema .","1)  Fresnadillo has something serious to say about the ways in which extravagant chance can distort our perspective and throw us off the path of good sense .

2)  New ways of describing badness need to be invented to describe exactly how bad it is .","1)  My precious new Star Wars movie is a lumbering , wheezy drag ...

2)  I 've had more interesting -- and , dare I say , thematically complex -- bowel movements than this long-on-the-shelf , point-and-shoot exercise in gimmicky crime drama ","1)  Treasure Planet rivals the top Japanese animations of recent vintage .

2)  If you adored The Full Monty so resoundingly that you 're dying to see the same old thing in a tired old setting , then this should keep you reasonably entertained .","1)  Delia , Greta , and Paula rank as three of the most multilayered and sympathetic female characters of the year .

2)  If you adored The Full Monty so resoundingly that you 're dying to see the same old thing in a tired old setting , then this should keep you reasonably entertained .","1)  Romantic , riveting and handsomely animated .

2)  This movie ... doesn't deserve the energy it takes to describe how bad it is .","1)  The respective charms of Sandra Bullock and Hugh Grant have worn threadbare .

2)  Delia , Greta , and Paula rank as three of the most multilayered and sympathetic female characters of the year .","1)  This painfully unfunny farce traffics in tired stereotypes and encumbers itself with complications ... that have no bearing on the story .

2)  Insomnia is one of the year 's best films and Pacino gives one of his most daring , and complicated , performances .","1)  Occasionally loud and offensive , but more often , it simply lulls you into a gentle waking coma .

2)  Everything its title implies , a standard-issue crime drama spat out from the Tinseltown assembly line .","1)  While this has the making of melodrama , the filmmaker cuts against this natural grain , producing a work that 's more interested in asking questions than in answering them .

2)  Delia , Greta , and Paula rank as three of the most multilayered and sympathetic female characters of the year .","1)  Insomnia is one of the year 's best films and Pacino gives one of his most daring , and complicated , performances .

2)  A laughable -- or rather , unlaughable -- excuse for a film ."
"2020/07/28 6:00:33 PM GMT+5:30","9","3","8","1","1","","","1","5","7","","7","","1","","","3","2","","2","","","","1","1","1","","5","1","2"