"Timestamp","1)  There 's little to recommend Snow Dogs , unless one considers cliched dialogue and perverse escapism a source of high hilarity .

2)  The uneven movie does have its charms and its funny moments but not quite enough of them .","1)  a genre that 's already a joke in the United States .

2)  Delia , Greta , and Paula rank as three of the most multilayered and sympathetic female characters of the year .","1)  Dripping with cliche and bypassing no opportunity to trivialize the material .

2)  A brilliant , absurd collection of vignettes that , in their own idiosyncratic way , sum up the strange horror of life in the new millennium .","1)  Even when it drags , we are forced to reflect that its visual imagination is breathtaking

2)  If you adored The Full Monty so resoundingly that you 're dying to see the same old thing in a tired old setting , then this should keep you reasonably entertained .","1)  Everything its title implies , a standard-issue crime drama spat out from the Tinseltown assembly line .

2)  A laughable -- or rather , unlaughable -- excuse for a film .","1)  It pulls the rug out from under you , just when you 're ready to hate one character , or really sympathize with another character , something happens to send you off in different direction .

2)  While this has the making of melodrama , the filmmaker cuts against this natural grain , producing a work that 's more interested in asking questions than in answering them .","1)  Kwan is a master of shadow , quietude , and room noise , and Lan Yu is a disarmingly lived-in movie .

2)  Will probably be one of those movies barely registering a blip on the radar screen of 2002 .","1)  The film does n't really care about the thousands of Americans who die hideously , it cares about how Ryan meets his future wife and makes his start at the CIA .

2)  It is messy , uncouth , incomprehensible , vicious and absurd .","1)  My precious new Star Wars movie is a lumbering , wheezy drag ...

2)  An emotionally strong and politically potent piece of cinema .","1)  Dripping with cliche and bypassing no opportunity to trivialize the material .

2)  I 've had more interesting -- and , dare I say , thematically complex -- bowel movements than this long-on-the-shelf , point-and-shoot exercise in gimmicky crime drama ","1)  A positively thrilling combination of ethnography and all the intrigue , betrayal , deceit and murder of a Shakespearean tragedy or a juicy soap opera .

2)  A visual spectacle full of stunning images and effects .","1)  Sometimes there are very , very good reasons for certain movies to be sealed in a jar and left on a remote shelf indefinitely .

2)  Standing in the Shadows of Motown is the best kind of documentary , one that makes a depleted yesterday feel very much like a brand-new tomorrow .","1)  While this has the making of melodrama , the filmmaker cuts against this natural grain , producing a work that 's more interested in asking questions than in answering them .

2)  A laughable -- or rather , unlaughable -- excuse for a film .","1)  I admire the closing scenes of the film , which seem to ask whether our civilization offers a cure for Vincent 's complaint .

2)  I 've had more interesting -- and , dare I say , thematically complex -- bowel movements than this long-on-the-shelf , point-and-shoot exercise in gimmicky crime drama ","1)  Opening with some contrived banter , cliches and some loose ends , the screenplay only comes into its own in the second half .

2)  It makes sense that he went back to school to check out the girls -- his film is a frat boy 's idea of a good time .","1)  a genre that 's already a joke in the United States .

2)  A welcome relief from baseball movies that try too hard to be mythic , this one is a sweet and modest and ultimately winning story .","1)  Romantic , riveting and handsomely animated .

2)  Standing in the Shadows of Motown is the best kind of documentary , one that makes a depleted yesterday feel very much like a brand-new tomorrow .","1)  The film does n't really care about the thousands of Americans who die hideously , it cares about how Ryan meets his future wife and makes his start at the CIA .

2)  A laughable -- or rather , unlaughable -- excuse for a film .","1)  This painfully unfunny farce traffics in tired stereotypes and encumbers itself with complications ... that have no bearing on the story .

2)  I 've had more interesting -- and , dare I say , thematically complex -- bowel movements than this long-on-the-shelf , point-and-shoot exercise in gimmicky crime drama ","1)  Occasionally loud and offensive , but more often , it simply lulls you into a gentle waking coma .

2)  Punch-Drunk Love is so convinced of its own brilliance that , if it were a person , you 'd want to smash its face in.","1)  An emotionally strong and politically potent piece of cinema .

2)  I 've had more interesting -- and , dare I say , thematically complex -- bowel movements than this long-on-the-shelf , point-and-shoot exercise in gimmicky crime drama ","1)  Everything its title implies , a standard-issue crime drama spat out from the Tinseltown assembly line .

2)  It makes sense that he went back to school to check out the girls -- his film is a frat boy 's idea of a good time .","1)  Opening with some contrived banter , cliches and some loose ends , the screenplay only comes into its own in the second half .

2)  The uneven movie does have its charms and its funny moments but not quite enough of them .","1)  It pulls the rug out from under you , just when you 're ready to hate one character , or really sympathize with another character , something happens to send you off in different direction .

2)  Kwan is a master of shadow , quietude , and room noise , and Lan Yu is a disarmingly lived-in movie .","1)  Narratively , Trouble Every Day is a plodding mess .

2)  Will probably be one of those movies barely registering a blip on the radar screen of 2002 .","1)  No , I don't know why Steven Seagal is considered a star , nor why he keeps being cast in action films when none of them are ever any good or make any money .

2)  Insomnia is one of the year 's best films and Pacino gives one of his most daring , and complicated , performances .","1)  While this has the making of melodrama , the filmmaker cuts against this natural grain , producing a work that 's more interested in asking questions than in answering them .

2)  Will probably be one of those movies barely registering a blip on the radar screen of 2002 .","1)  I admire the closing scenes of the film , which seem to ask whether our civilization offers a cure for Vincent 's complaint .

2)  A laughable -- or rather , unlaughable -- excuse for a film .","1)  There 's little to recommend Snow Dogs , unless one considers cliched dialogue and perverse escapism a source of high hilarity .

2)  A positively thrilling combination of ethnography and all the intrigue , betrayal , deceit and murder of a Shakespearean tragedy or a juicy soap opera .","1)  The uneven movie does have its charms and its funny moments but not quite enough of them .

2)  Punch-Drunk Love is so convinced of its own brilliance that , if it were a person , you 'd want to smash its face in."
"2020/07/20 12:36:11 PM GMT+5:30","4","4","5","5","5","5","4","4","4","4","6","4","4","5","5","3","4","4","4","5","4","5","4","5","6","6","5","6","5","5"
"2020/07/22 10:20:46 PM GMT+5:30","4","1","2","8","7","7","3","4","2","8","8","2","2","2","7","4","8","2","10","6","1","8","5","6","3","2","2","3","2","6"