"Timestamp","1)  Sometimes there are very , very good reasons for certain movies to be sealed in a jar and left on a remote shelf indefinitely .

2)  More good than great but Freeman and Judd make it work .","1)  Sometimes there are very , very good reasons for certain movies to be sealed in a jar and left on a remote shelf indefinitely .

2)  Even fans of Ismail Merchant 's work , I suspect , would have a hard time sitting through this one .","1)  The whole affair is as predictable as can be .

2)  Fresnadillo has something serious to say about the ways in which extravagant chance can distort our perspective and throw us off the path of good sense .","1)  Delia , Greta , and Paula rank as three of the most multilayered and sympathetic female characters of the year .

2)  Everything its title implies , a standard-issue crime drama spat out from the Tinseltown assembly line .","1)  Occasionally loud and offensive , but more often , it simply lulls you into a gentle waking coma .

2)  It 's consistently funny , in an irresistible junior-high way , and consistently free of any gag that would force you to give it a millisecond of thought .","1)  A somewhat disappointing and meandering saga .

2)  It 's consistently funny , in an irresistible junior-high way , and consistently free of any gag that would force you to give it a millisecond of thought .","1)  No , I don't know why Steven Seagal is considered a star , nor why he keeps being cast in action films when none of them are ever any good or make any money .

2)  The uneven movie does have its charms and its funny moments but not quite enough of them .","1)  Kwan is a master of shadow , quietude , and room noise , and Lan Yu is a disarmingly lived-in movie .

2)  An emotionally strong and politically potent piece of cinema .","1)  A positively thrilling combination of ethnography and all the intrigue , betrayal , deceit and murder of a Shakespearean tragedy or a juicy soap opera .

2)  The main characters are simply named The Husband , The Wife and The Kidnapper , emphasizing the disappointingly generic nature of the entire effort .","1)  Narratively , Trouble Every Day is a plodding mess .

2)  My precious new Star Wars movie is a lumbering , wheezy drag ...","1)  Fresnadillo has something serious to say about the ways in which extravagant chance can distort our perspective and throw us off the path of good sense .

2)  Even fans of Ismail Merchant 's work , I suspect , would have a hard time sitting through this one .","1)  The main characters are simply named The Husband , The Wife and The Kidnapper , emphasizing the disappointingly generic nature of the entire effort .

2)  The uneven movie does have its charms and its funny moments but not quite enough of them .","1)  Sometimes there are very , very good reasons for certain movies to be sealed in a jar and left on a remote shelf indefinitely .

2)  Opening with some contrived banter , cliches and some loose ends , the screenplay only comes into its own in the second half .","1)  A positively thrilling combination of ethnography and all the intrigue , betrayal , deceit and murder of a Shakespearean tragedy or a juicy soap opera .

2)  The respective charms of Sandra Bullock and Hugh Grant have worn threadbare .","1)  No , I don't know why Steven Seagal is considered a star , nor why he keeps being cast in action films when none of them are ever any good or make any money .

2)  While this has the making of melodrama , the filmmaker cuts against this natural grain , producing a work that 's more interested in asking questions than in answering them .","1)  The respective charms of Sandra Bullock and Hugh Grant have worn threadbare .

2)  A visual spectacle full of stunning images and effects .","1)  A welcome relief from baseball movies that try too hard to be mythic , this one is a sweet and modest and ultimately winning story .

2)  It 's consistently funny , in an irresistible junior-high way , and consistently free of any gag that would force you to give it a millisecond of thought .","1)  Sometimes there are very , very good reasons for certain movies to be sealed in a jar and left on a remote shelf indefinitely .

2)  The respective charms of Sandra Bullock and Hugh Grant have worn threadbare .","1)  The respective charms of Sandra Bullock and Hugh Grant have worn threadbare .

2)  The film does n't really care about the thousands of Americans who die hideously , it cares about how Ryan meets his future wife and makes his start at the CIA .","1)  A positively thrilling combination of ethnography and all the intrigue , betrayal , deceit and murder of a Shakespearean tragedy or a juicy soap opera .

2)  Treasure Planet rivals the top Japanese animations of recent vintage .","1)  It is most remarkable not because of its epic scope , but because of the startling intimacy it achieves despite that breadth .

2)  The respective charms of Sandra Bullock and Hugh Grant have worn threadbare .","1)  It pulls the rug out from under you , just when you 're ready to hate one character , or really sympathize with another character , something happens to send you off in different direction .

2)  Romantic , riveting and handsomely animated .","1)  This movie ... doesn't deserve the energy it takes to describe how bad it is .

2)  The film 's constant mood of melancholy and its unhurried narrative are masterfully controlled .","1)  I 've had more interesting -- and , dare I say , thematically complex -- bowel movements than this long-on-the-shelf , point-and-shoot exercise in gimmicky crime drama 

2)  It is messy , uncouth , incomprehensible , vicious and absurd .","1)  Provides a satisfactory overview of the bizarre world of extreme athletes as several daredevils express their own views .

2)  This movie ... doesn't deserve the energy it takes to describe how bad it is .","1)  I admire the closing scenes of the film , which seem to ask whether our civilization offers a cure for Vincent 's complaint .

2)  The uneven movie does have its charms and its funny moments but not quite enough of them .","1)  It pulls the rug out from under you , just when you 're ready to hate one character , or really sympathize with another character , something happens to send you off in different direction .

2)  Simply put , there should have been a more compelling excuse to pair Susan Sarandon and Goldie Hawn .","1)  Occasionally loud and offensive , but more often , it simply lulls you into a gentle waking coma .

2)  The film 's constant mood of melancholy and its unhurried narrative are masterfully controlled .","1)  I admire the closing scenes of the film , which seem to ask whether our civilization offers a cure for Vincent 's complaint .

2)  A somewhat disappointing and meandering saga .","1)  Occasionally loud and offensive , but more often , it simply lulls you into a gentle waking coma .

2)  It makes sense that he went back to school to check out the girls -- his film is a frat boy 's idea of a good time ."
"2020/08/21 9:37:55 PM GMT+5:30","4","8","3","3","5","4","7","10","2","9","2","8","4","3","4","2","5","7","8","10","3","3","2","8","2","2","4","7","4","7"