"Timestamp","1)  Treasure Planet rivals the top Japanese animations of recent vintage .

2)  The respective charms of Sandra Bullock and Hugh Grant have worn threadbare .","1)  Treasure Planet rivals the top Japanese animations of recent vintage .

2)  An emotionally strong and politically potent piece of cinema .","1)  a genre that 's already a joke in the United States .

2)  It makes sense that he went back to school to check out the girls -- his film is a frat boy 's idea of a good time .","1)  The main characters are simply named The Husband , The Wife and The Kidnapper , emphasizing the disappointingly generic nature of the entire effort .

2)  Delia , Greta , and Paula rank as three of the most multilayered and sympathetic female characters of the year .","1)  Washington as possibly the best actor working in movies today

2)  A brilliant , absurd collection of vignettes that , in their own idiosyncratic way , sum up the strange horror of life in the new millennium .","1)  Delia , Greta , and Paula rank as three of the most multilayered and sympathetic female characters of the year .

2)  The film does n't really care about the thousands of Americans who die hideously , it cares about how Ryan meets his future wife and makes his start at the CIA .","1)  The film does n't really care about the thousands of Americans who die hideously , it cares about how Ryan meets his future wife and makes his start at the CIA .

2)  Will probably be one of those movies barely registering a blip on the radar screen of 2002 .","1)  Treasure Planet rivals the top Japanese animations of recent vintage .

2)  Narratively , Trouble Every Day is a plodding mess .","1)  It is messy , uncouth , incomprehensible , vicious and absurd .

2)  A visual spectacle full of stunning images and effects .","1)  While this has the making of melodrama , the filmmaker cuts against this natural grain , producing a work that 's more interested in asking questions than in answering them .

2)  Kwan is a master of shadow , quietude , and room noise , and Lan Yu is a disarmingly lived-in movie .","1)  The respective charms of Sandra Bullock and Hugh Grant have worn threadbare .

2)  This movie ... doesn't deserve the energy it takes to describe how bad it is .","1)  Opening with some contrived banter , cliches and some loose ends , the screenplay only comes into its own in the second half .

2)  Even fans of Ismail Merchant 's work , I suspect , would have a hard time sitting through this one .","1)  While this has the making of melodrama , the filmmaker cuts against this natural grain , producing a work that 's more interested in asking questions than in answering them .

2)  My precious new Star Wars movie is a lumbering , wheezy drag ...","1)  Treasure Planet rivals the top Japanese animations of recent vintage .

2)  No , I don't know why Steven Seagal is considered a star , nor why he keeps being cast in action films when none of them are ever any good or make any money .","1)  The main characters are simply named The Husband , The Wife and The Kidnapper , emphasizing the disappointingly generic nature of the entire effort .

2)  I 've had more interesting -- and , dare I say , thematically complex -- bowel movements than this long-on-the-shelf , point-and-shoot exercise in gimmicky crime drama ","1)  Sometimes there are very , very good reasons for certain movies to be sealed in a jar and left on a remote shelf indefinitely .

2)  A visual spectacle full of stunning images and effects .","1)  My precious new Star Wars movie is a lumbering , wheezy drag ...

2)  A visual spectacle full of stunning images and effects .","1)  This painfully unfunny farce traffics in tired stereotypes and encumbers itself with complications ... that have no bearing on the story .

2)  The film does n't really care about the thousands of Americans who die hideously , it cares about how Ryan meets his future wife and makes his start at the CIA .","1)  New ways of describing badness need to be invented to describe exactly how bad it is .

2)  Insomnia is one of the year 's best films and Pacino gives one of his most daring , and complicated , performances .","1)  Romantic , riveting and handsomely animated .

2)  The film does n't really care about the thousands of Americans who die hideously , it cares about how Ryan meets his future wife and makes his start at the CIA .","1)  Opening with some contrived banter , cliches and some loose ends , the screenplay only comes into its own in the second half .

2)  No , I don't know why Steven Seagal is considered a star , nor why he keeps being cast in action films when none of them are ever any good or make any money .","1)  Narratively , Trouble Every Day is a plodding mess .

2)  An emotionally strong and politically potent piece of cinema .","1)  The whole affair is as predictable as can be .

2)  An emotionally strong and politically potent piece of cinema .","1)  Narratively , Trouble Every Day is a plodding mess .

2)  It makes sense that he went back to school to check out the girls -- his film is a frat boy 's idea of a good time .","1)  Narratively , Trouble Every Day is a plodding mess .

2)  A somewhat disappointing and meandering saga .","1)  Will probably be one of those movies barely registering a blip on the radar screen of 2002 .

2)  A visual spectacle full of stunning images and effects .","1)  A brilliant , absurd collection of vignettes that , in their own idiosyncratic way , sum up the strange horror of life in the new millennium .

2)  It is messy , uncouth , incomprehensible , vicious and absurd .","1)  Treasure Planet rivals the top Japanese animations of recent vintage .

2)  Punch-Drunk Love is so convinced of its own brilliance that , if it were a person , you 'd want to smash its face in.","1)  Insomnia is one of the year 's best films and Pacino gives one of his most daring , and complicated , performances .

2)  Standing in the Shadows of Motown is the best kind of documentary , one that makes a depleted yesterday feel very much like a brand-new tomorrow .","1)  a genre that 's already a joke in the United States .

2)  The whole affair is as predictable as can be ."
"2020/07/24 10:30:59 AM GMT+5:30","2","8","5","4","8","6","8","2","1","8","9","6","3","1","10","1","1","8","1","2","6","2","3","3","9","2","2","3","10","9"