"Timestamp","1)  I admire the closing scenes of the film , which seem to ask whether our civilization offers a cure for Vincent 's complaint .

2)  Will probably be one of those movies barely registering a blip on the radar screen of 2002 .","1)  Will probably be one of those movies barely registering a blip on the radar screen of 2002 .

2)  It is messy , uncouth , incomprehensible , vicious and absurd .","1)  Occasionally loud and offensive , but more often , it simply lulls you into a gentle waking coma .

2)  A somewhat disappointing and meandering saga .","1)  Occasionally loud and offensive , but more often , it simply lulls you into a gentle waking coma .

2)  New ways of describing badness need to be invented to describe exactly how bad it is .","1)  Even when it drags , we are forced to reflect that its visual imagination is breathtaking

2)  Everything its title implies , a standard-issue crime drama spat out from the Tinseltown assembly line .","1)  A brilliant , absurd collection of vignettes that , in their own idiosyncratic way , sum up the strange horror of life in the new millennium .

2)  Romantic , riveting and handsomely animated .","1)  A welcome relief from baseball movies that try too hard to be mythic , this one is a sweet and modest and ultimately winning story .

2)  Narratively , Trouble Every Day is a plodding mess .","1)  New ways of describing badness need to be invented to describe exactly how bad it is .

2)  A laughable -- or rather , unlaughable -- excuse for a film .","1)  The whole affair is as predictable as can be .

2)  Everything its title implies , a standard-issue crime drama spat out from the Tinseltown assembly line .","1)  The whole affair is as predictable as can be .

2)  New ways of describing badness need to be invented to describe exactly how bad it is .","1)  A positively thrilling combination of ethnography and all the intrigue , betrayal , deceit and murder of a Shakespearean tragedy or a juicy soap opera .

2)  The whole affair is as predictable as can be .","1)  New ways of describing badness need to be invented to describe exactly how bad it is .

2)  The respective charms of Sandra Bullock and Hugh Grant have worn threadbare .","1)  Even fans of Ismail Merchant 's work , I suspect , would have a hard time sitting through this one .

2)  An emotionally strong and politically potent piece of cinema .","1)  No , I don't know why Steven Seagal is considered a star , nor why he keeps being cast in action films when none of them are ever any good or make any money .

2)  New ways of describing badness need to be invented to describe exactly how bad it is .","1)  Opening with some contrived banter , cliches and some loose ends , the screenplay only comes into its own in the second half .

2)  Punch-Drunk Love is so convinced of its own brilliance that , if it were a person , you 'd want to smash its face in.","1)  It pulls the rug out from under you , just when you 're ready to hate one character , or really sympathize with another character , something happens to send you off in different direction .

2)  If you adored The Full Monty so resoundingly that you 're dying to see the same old thing in a tired old setting , then this should keep you reasonably entertained .","1)  Even fans of Ismail Merchant 's work , I suspect , would have a hard time sitting through this one .

2)  While this has the making of melodrama , the filmmaker cuts against this natural grain , producing a work that 's more interested in asking questions than in answering them .","1)  Even when it drags , we are forced to reflect that its visual imagination is breathtaking

2)  While this has the making of melodrama , the filmmaker cuts against this natural grain , producing a work that 's more interested in asking questions than in answering them .","1)  Opening with some contrived banter , cliches and some loose ends , the screenplay only comes into its own in the second half .

2)  A somewhat disappointing and meandering saga .","1)  No , I don't know why Steven Seagal is considered a star , nor why he keeps being cast in action films when none of them are ever any good or make any money .

2)  Kwan is a master of shadow , quietude , and room noise , and Lan Yu is a disarmingly lived-in movie .","1)  Provides a satisfactory overview of the bizarre world of extreme athletes as several daredevils express their own views .

2)  My precious new Star Wars movie is a lumbering , wheezy drag ...","1)  I admire the closing scenes of the film , which seem to ask whether our civilization offers a cure for Vincent 's complaint .

2)  Everything its title implies , a standard-issue crime drama spat out from the Tinseltown assembly line .","1)  Even when it drags , we are forced to reflect that its visual imagination is breathtaking

2)  Fresnadillo has something serious to say about the ways in which extravagant chance can distort our perspective and throw us off the path of good sense .","1)  Simply put , there should have been a more compelling excuse to pair Susan Sarandon and Goldie Hawn .

2)  It is messy , uncouth , incomprehensible , vicious and absurd .","1)  A welcome relief from baseball movies that try too hard to be mythic , this one is a sweet and modest and ultimately winning story .

2)  I 've had more interesting -- and , dare I say , thematically complex -- bowel movements than this long-on-the-shelf , point-and-shoot exercise in gimmicky crime drama ","1)  It pulls the rug out from under you , just when you 're ready to hate one character , or really sympathize with another character , something happens to send you off in different direction .

2)  Treasure Planet rivals the top Japanese animations of recent vintage .","1)  New ways of describing badness need to be invented to describe exactly how bad it is .

2)  This movie ... doesn't deserve the energy it takes to describe how bad it is .","1)  It is most remarkable not because of its epic scope , but because of the startling intimacy it achieves despite that breadth .

2)  If you adored The Full Monty so resoundingly that you 're dying to see the same old thing in a tired old setting , then this should keep you reasonably entertained .","1)  It pulls the rug out from under you , just when you 're ready to hate one character , or really sympathize with another character , something happens to send you off in different direction .

2)  It makes sense that he went back to school to check out the girls -- his film is a frat boy 's idea of a good time .","1)  My precious new Star Wars movie is a lumbering , wheezy drag ...

2)  The film does n't really care about the thousands of Americans who die hideously , it cares about how Ryan meets his future wife and makes his start at the CIA ."
"2020/07/15 2:15:35 PM GMT+5:30","2","7","8","8","8","1","1","10","10","7","2","6","1","7","7","9","9","10","6","5","2","2","9","8","2","6","10","10","3","1"
"2020/07/15 2:28:50 PM GMT+5:30","7","8","8","7","7","7","8","7","7","8","7","7","8","7","8","7","8","7","8","7","8","7","7","7","7","7","7","7","7","7"