"Timestamp","1)  Provides a satisfactory overview of the bizarre world of extreme athletes as several daredevils express their own views .

2)  A somewhat disappointing and meandering saga .","1)  While this has the making of melodrama , the filmmaker cuts against this natural grain , producing a work that 's more interested in asking questions than in answering them .

2)  Punch-Drunk Love is so convinced of its own brilliance that , if it were a person , you 'd want to smash its face in.","1)  Opening with some contrived banter , cliches and some loose ends , the screenplay only comes into its own in the second half .

2)  More good than great but Freeman and Judd make it work .","1)  a genre that 's already a joke in the United States .

2)  Opening with some contrived banter , cliches and some loose ends , the screenplay only comes into its own in the second half .","1)  Even when it drags , we are forced to reflect that its visual imagination is breathtaking

2)  A laughable -- or rather , unlaughable -- excuse for a film .","1)  The main characters are simply named The Husband , The Wife and The Kidnapper , emphasizing the disappointingly generic nature of the entire effort .

2)  The film 's constant mood of melancholy and its unhurried narrative are masterfully controlled .","1)  A brilliant , absurd collection of vignettes that , in their own idiosyncratic way , sum up the strange horror of life in the new millennium .

2)  The uneven movie does have its charms and its funny moments but not quite enough of them .","1)  Even when it drags , we are forced to reflect that its visual imagination is breathtaking

2)  New ways of describing badness need to be invented to describe exactly how bad it is .","1)  Kwan is a master of shadow , quietude , and room noise , and Lan Yu is a disarmingly lived-in movie .

2)  It 's consistently funny , in an irresistible junior-high way , and consistently free of any gag that would force you to give it a millisecond of thought .","1)  Provides a satisfactory overview of the bizarre world of extreme athletes as several daredevils express their own views .

2)  It is messy , uncouth , incomprehensible , vicious and absurd .","1)  There 's little to recommend Snow Dogs , unless one considers cliched dialogue and perverse escapism a source of high hilarity .

2)  Occasionally loud and offensive , but more often , it simply lulls you into a gentle waking coma .","1)  Treasure Planet rivals the top Japanese animations of recent vintage .

2)  Simply put , there should have been a more compelling excuse to pair Susan Sarandon and Goldie Hawn .","1)  The main characters are simply named The Husband , The Wife and The Kidnapper , emphasizing the disappointingly generic nature of the entire effort .

2)  Insomnia is one of the year 's best films and Pacino gives one of his most daring , and complicated , performances .","1)  My precious new Star Wars movie is a lumbering , wheezy drag ...

2)  A somewhat disappointing and meandering saga .","1)  Fresnadillo has something serious to say about the ways in which extravagant chance can distort our perspective and throw us off the path of good sense .

2)  If you adored The Full Monty so resoundingly that you 're dying to see the same old thing in a tired old setting , then this should keep you reasonably entertained .","1)  It is most remarkable not because of its epic scope , but because of the startling intimacy it achieves despite that breadth .

2)  Simply put , there should have been a more compelling excuse to pair Susan Sarandon and Goldie Hawn .","1)  A welcome relief from baseball movies that try too hard to be mythic , this one is a sweet and modest and ultimately winning story .

2)  Insomnia is one of the year 's best films and Pacino gives one of his most daring , and complicated , performances .","1)  Even when it drags , we are forced to reflect that its visual imagination is breathtaking

2)  The film does n't really care about the thousands of Americans who die hideously , it cares about how Ryan meets his future wife and makes his start at the CIA .","1)  This painfully unfunny farce traffics in tired stereotypes and encumbers itself with complications ... that have no bearing on the story .

2)  I admire the closing scenes of the film , which seem to ask whether our civilization offers a cure for Vincent 's complaint .","1)  Dripping with cliche and bypassing no opportunity to trivialize the material .

2)  It makes sense that he went back to school to check out the girls -- his film is a frat boy 's idea of a good time .","1)  Everything its title implies , a standard-issue crime drama spat out from the Tinseltown assembly line .

2)  A somewhat disappointing and meandering saga .","1)  Fresnadillo has something serious to say about the ways in which extravagant chance can distort our perspective and throw us off the path of good sense .

2)  I admire the closing scenes of the film , which seem to ask whether our civilization offers a cure for Vincent 's complaint .","1)  Dripping with cliche and bypassing no opportunity to trivialize the material .

2)  My precious new Star Wars movie is a lumbering , wheezy drag ...","1)  Washington as possibly the best actor working in movies today

2)  No , I don't know why Steven Seagal is considered a star , nor why he keeps being cast in action films when none of them are ever any good or make any money .","1)  Simply put , there should have been a more compelling excuse to pair Susan Sarandon and Goldie Hawn .

2)  Everything its title implies , a standard-issue crime drama spat out from the Tinseltown assembly line .","1)  Dripping with cliche and bypassing no opportunity to trivialize the material .

2)  The main characters are simply named The Husband , The Wife and The Kidnapper , emphasizing the disappointingly generic nature of the entire effort .","1)  a genre that 's already a joke in the United States .

2)  An emotionally strong and politically potent piece of cinema .","1)  I admire the closing scenes of the film , which seem to ask whether our civilization offers a cure for Vincent 's complaint .

2)  Insomnia is one of the year 's best films and Pacino gives one of his most daring , and complicated , performances .","1)  Sometimes there are very , very good reasons for certain movies to be sealed in a jar and left on a remote shelf indefinitely .

2)  It makes sense that he went back to school to check out the girls -- his film is a frat boy 's idea of a good time .","1)  It is most remarkable not because of its epic scope , but because of the startling intimacy it achieves despite that breadth .

2)  Standing in the Shadows of Motown is the best kind of documentary , one that makes a depleted yesterday feel very much like a brand-new tomorrow ."
"2020/07/03 8:36:33 PM GMT+5:30","2","1","8","6","4","7","7","2","1","1","9","3","1","10","5","4","2","6","3","8","9","9","7","2","6","7","5","8","9","9"