"Timestamp","1)  Treasure Planet rivals the top Japanese animations of recent vintage .

2)  The film does n't really care about the thousands of Americans who die hideously , it cares about how Ryan meets his future wife and makes his start at the CIA .","1)  New ways of describing badness need to be invented to describe exactly how bad it is .

2)  The film does n't really care about the thousands of Americans who die hideously , it cares about how Ryan meets his future wife and makes his start at the CIA .","1)  Washington as possibly the best actor working in movies today

2)  More good than great but Freeman and Judd make it work .","1)  Opening with some contrived banter , cliches and some loose ends , the screenplay only comes into its own in the second half .

2)  While this has the making of melodrama , the filmmaker cuts against this natural grain , producing a work that 's more interested in asking questions than in answering them .","1)  The whole affair is as predictable as can be .

2)  It 's consistently funny , in an irresistible junior-high way , and consistently free of any gag that would force you to give it a millisecond of thought .","1)  Opening with some contrived banter , cliches and some loose ends , the screenplay only comes into its own in the second half .

2)  Delia , Greta , and Paula rank as three of the most multilayered and sympathetic female characters of the year .","1)  Simply put , there should have been a more compelling excuse to pair Susan Sarandon and Goldie Hawn .

2)  The film 's constant mood of melancholy and its unhurried narrative are masterfully controlled .","1)  Occasionally loud and offensive , but more often , it simply lulls you into a gentle waking coma .

2)  Romantic , riveting and handsomely animated .","1)  Occasionally loud and offensive , but more often , it simply lulls you into a gentle waking coma .

2)  It is messy , uncouth , incomprehensible , vicious and absurd .","1)  It pulls the rug out from under you , just when you 're ready to hate one character , or really sympathize with another character , something happens to send you off in different direction .

2)  It 's consistently funny , in an irresistible junior-high way , and consistently free of any gag that would force you to give it a millisecond of thought .","1)  My precious new Star Wars movie is a lumbering , wheezy drag ...

2)  A laughable -- or rather , unlaughable -- excuse for a film .","1)  Provides a satisfactory overview of the bizarre world of extreme athletes as several daredevils express their own views .

2)  A laughable -- or rather , unlaughable -- excuse for a film .","1)  New ways of describing badness need to be invented to describe exactly how bad it is .

2)  Everything its title implies , a standard-issue crime drama spat out from the Tinseltown assembly line .","1)  Punch-Drunk Love is so convinced of its own brilliance that , if it were a person , you 'd want to smash its face in.

2)  Will probably be one of those movies barely registering a blip on the radar screen of 2002 .","1)  Sometimes there are very , very good reasons for certain movies to be sealed in a jar and left on a remote shelf indefinitely .

2)  If you adored The Full Monty so resoundingly that you 're dying to see the same old thing in a tired old setting , then this should keep you reasonably entertained .","1)  Dripping with cliche and bypassing no opportunity to trivialize the material .

2)  Kwan is a master of shadow , quietude , and room noise , and Lan Yu is a disarmingly lived-in movie .","1)  Sometimes there are very , very good reasons for certain movies to be sealed in a jar and left on a remote shelf indefinitely .

2)  Treasure Planet rivals the top Japanese animations of recent vintage .","1)  This painfully unfunny farce traffics in tired stereotypes and encumbers itself with complications ... that have no bearing on the story .

2)  New ways of describing badness need to be invented to describe exactly how bad it is .","1)  No , I don't know why Steven Seagal is considered a star , nor why he keeps being cast in action films when none of them are ever any good or make any money .

2)  A somewhat disappointing and meandering saga .","1)  Romantic , riveting and handsomely animated .

2)  An emotionally strong and politically potent piece of cinema .","1)  Provides a satisfactory overview of the bizarre world of extreme athletes as several daredevils express their own views .

2)  An emotionally strong and politically potent piece of cinema .","1)  I admire the closing scenes of the film , which seem to ask whether our civilization offers a cure for Vincent 's complaint .

2)  More good than great but Freeman and Judd make it work .","1)  More good than great but Freeman and Judd make it work .

2)  Will probably be one of those movies barely registering a blip on the radar screen of 2002 .","1)  While this has the making of melodrama , the filmmaker cuts against this natural grain , producing a work that 's more interested in asking questions than in answering them .

2)  The film does n't really care about the thousands of Americans who die hideously , it cares about how Ryan meets his future wife and makes his start at the CIA .","1)  A brilliant , absurd collection of vignettes that , in their own idiosyncratic way , sum up the strange horror of life in the new millennium .

2)  The film 's constant mood of melancholy and its unhurried narrative are masterfully controlled .","1)  There 's little to recommend Snow Dogs , unless one considers cliched dialogue and perverse escapism a source of high hilarity .

2)  I 've had more interesting -- and , dare I say , thematically complex -- bowel movements than this long-on-the-shelf , point-and-shoot exercise in gimmicky crime drama ","1)  This movie ... doesn't deserve the energy it takes to describe how bad it is .

2)  It makes sense that he went back to school to check out the girls -- his film is a frat boy 's idea of a good time .","1)  Occasionally loud and offensive , but more often , it simply lulls you into a gentle waking coma .

2)  Dripping with cliche and bypassing no opportunity to trivialize the material .","1)  The main characters are simply named The Husband , The Wife and The Kidnapper , emphasizing the disappointingly generic nature of the entire effort .

2)  My precious new Star Wars movie is a lumbering , wheezy drag ...","1)  My precious new Star Wars movie is a lumbering , wheezy drag ...

2)  It is messy , uncouth , incomprehensible , vicious and absurd ."
"2020/07/15 8:19:16 PM GMT+5:30","1","2","1","3","7","1","1","1","1","1","3","1","2","1","3","1","1","7","3","4","5","2","3","1","7","3","2","4","1","2"