"Timestamp","1)  The main characters are simply named The Husband , The Wife and The Kidnapper , emphasizing the disappointingly generic nature of the entire effort .

2)  More good than great but Freeman and Judd make it work .","1)  Narratively , Trouble Every Day is a plodding mess .

2)  Delia , Greta , and Paula rank as three of the most multilayered and sympathetic female characters of the year .","1)  New ways of describing badness need to be invented to describe exactly how bad it is .

2)  A somewhat disappointing and meandering saga .","1)  This painfully unfunny farce traffics in tired stereotypes and encumbers itself with complications ... that have no bearing on the story .

2)  Romantic , riveting and handsomely animated .","1)  The main characters are simply named The Husband , The Wife and The Kidnapper , emphasizing the disappointingly generic nature of the entire effort .

2)  This movie ... doesn't deserve the energy it takes to describe how bad it is .","1)  Simply put , there should have been a more compelling excuse to pair Susan Sarandon and Goldie Hawn .

2)  Punch-Drunk Love is so convinced of its own brilliance that , if it were a person , you 'd want to smash its face in.","1)  It pulls the rug out from under you , just when you 're ready to hate one character , or really sympathize with another character , something happens to send you off in different direction .

2)  The respective charms of Sandra Bullock and Hugh Grant have worn threadbare .","1)  Will probably be one of those movies barely registering a blip on the radar screen of 2002 .

2)  Standing in the Shadows of Motown is the best kind of documentary , one that makes a depleted yesterday feel very much like a brand-new tomorrow .","1)  a genre that 's already a joke in the United States .

2)  Occasionally loud and offensive , but more often , it simply lulls you into a gentle waking coma .","1)  Even when it drags , we are forced to reflect that its visual imagination is breathtaking

2)  Will probably be one of those movies barely registering a blip on the radar screen of 2002 .","1)  There 's little to recommend Snow Dogs , unless one considers cliched dialogue and perverse escapism a source of high hilarity .

2)  Insomnia is one of the year 's best films and Pacino gives one of his most daring , and complicated , performances .","1)  Fresnadillo has something serious to say about the ways in which extravagant chance can distort our perspective and throw us off the path of good sense .

2)  A somewhat disappointing and meandering saga .","1)  Fresnadillo has something serious to say about the ways in which extravagant chance can distort our perspective and throw us off the path of good sense .

2)  A visual spectacle full of stunning images and effects .","1)  This painfully unfunny farce traffics in tired stereotypes and encumbers itself with complications ... that have no bearing on the story .

2)  Punch-Drunk Love is so convinced of its own brilliance that , if it were a person , you 'd want to smash its face in.","1)  Provides a satisfactory overview of the bizarre world of extreme athletes as several daredevils express their own views .

2)  The uneven movie does have its charms and its funny moments but not quite enough of them .","1)  I admire the closing scenes of the film , which seem to ask whether our civilization offers a cure for Vincent 's complaint .

2)  Punch-Drunk Love is so convinced of its own brilliance that , if it were a person , you 'd want to smash its face in.","1)  The main characters are simply named The Husband , The Wife and The Kidnapper , emphasizing the disappointingly generic nature of the entire effort .

2)  It 's consistently funny , in an irresistible junior-high way , and consistently free of any gag that would force you to give it a millisecond of thought .","1)  Even when it drags , we are forced to reflect that its visual imagination is breathtaking

2)  Even fans of Ismail Merchant 's work , I suspect , would have a hard time sitting through this one .","1)  Sometimes there are very , very good reasons for certain movies to be sealed in a jar and left on a remote shelf indefinitely .

2)  It is most remarkable not because of its epic scope , but because of the startling intimacy it achieves despite that breadth .","1)  It 's consistently funny , in an irresistible junior-high way , and consistently free of any gag that would force you to give it a millisecond of thought .

2)  Standing in the Shadows of Motown is the best kind of documentary , one that makes a depleted yesterday feel very much like a brand-new tomorrow .","1)  No , I don't know why Steven Seagal is considered a star , nor why he keeps being cast in action films when none of them are ever any good or make any money .

2)  It 's consistently funny , in an irresistible junior-high way , and consistently free of any gag that would force you to give it a millisecond of thought .","1)  The respective charms of Sandra Bullock and Hugh Grant have worn threadbare .

2)  The film 's constant mood of melancholy and its unhurried narrative are masterfully controlled .","1)  Washington as possibly the best actor working in movies today

2)  A visual spectacle full of stunning images and effects .","1)  Even when it drags , we are forced to reflect that its visual imagination is breathtaking

2)  Opening with some contrived banter , cliches and some loose ends , the screenplay only comes into its own in the second half .","1)  If you adored The Full Monty so resoundingly that you 're dying to see the same old thing in a tired old setting , then this should keep you reasonably entertained .

2)  Will probably be one of those movies barely registering a blip on the radar screen of 2002 .","1)  Fresnadillo has something serious to say about the ways in which extravagant chance can distort our perspective and throw us off the path of good sense .

2)  The respective charms of Sandra Bullock and Hugh Grant have worn threadbare .","1)  I admire the closing scenes of the film , which seem to ask whether our civilization offers a cure for Vincent 's complaint .

2)  This movie ... doesn't deserve the energy it takes to describe how bad it is .","1)  Washington as possibly the best actor working in movies today

2)  Standing in the Shadows of Motown is the best kind of documentary , one that makes a depleted yesterday feel very much like a brand-new tomorrow .","1)  Opening with some contrived banter , cliches and some loose ends , the screenplay only comes into its own in the second half .

2)  I admire the closing scenes of the film , which seem to ask whether our civilization offers a cure for Vincent 's complaint .","1)  More good than great but Freeman and Judd make it work .

2)  The uneven movie does have its charms and its funny moments but not quite enough of them ."
"2020/07/05 2:44:47 PM GMT+5:30","2","1","8","1","9","2","3","9","4","8","1","2","9","3","7","7","3","2","9","9","1","2","10","9","9","3","2","9","10","9"
"2020/07/11 9:13:27 PM GMT+5:30","3","2","8","3","9","10","2","3","8","3","2","3","7","8","4","3","4","2","2","8","3","3","5","4","7","3","2","7","3","4"