"Timestamp","1)  Even when it drags , we are forced to reflect that its visual imagination is breathtaking

2)  A brilliant , absurd collection of vignettes that , in their own idiosyncratic way , sum up the strange horror of life in the new millennium .","1)  Sometimes there are very , very good reasons for certain movies to be sealed in a jar and left on a remote shelf indefinitely .

2)  Simply put , there should have been a more compelling excuse to pair Susan Sarandon and Goldie Hawn .","1)  Even when it drags , we are forced to reflect that its visual imagination is breathtaking

2)  It is most remarkable not because of its epic scope , but because of the startling intimacy it achieves despite that breadth .","1)  Dripping with cliche and bypassing no opportunity to trivialize the material .

2)  The film 's constant mood of melancholy and its unhurried narrative are masterfully controlled .","1)  The respective charms of Sandra Bullock and Hugh Grant have worn threadbare .

2)  Romantic , riveting and handsomely animated .","1)  A positively thrilling combination of ethnography and all the intrigue , betrayal , deceit and murder of a Shakespearean tragedy or a juicy soap opera .

2)  This movie ... doesn't deserve the energy it takes to describe how bad it is .","1)  The main characters are simply named The Husband , The Wife and The Kidnapper , emphasizing the disappointingly generic nature of the entire effort .

2)  New ways of describing badness need to be invented to describe exactly how bad it is .","1)  Treasure Planet rivals the top Japanese animations of recent vintage .

2)  Delia , Greta , and Paula rank as three of the most multilayered and sympathetic female characters of the year .","1)  Romantic , riveting and handsomely animated .

2)  The uneven movie does have its charms and its funny moments but not quite enough of them .","1)  Sometimes there are very , very good reasons for certain movies to be sealed in a jar and left on a remote shelf indefinitely .

2)  Punch-Drunk Love is so convinced of its own brilliance that , if it were a person , you 'd want to smash its face in.","1)  Even fans of Ismail Merchant 's work , I suspect , would have a hard time sitting through this one .

2)  Punch-Drunk Love is so convinced of its own brilliance that , if it were a person , you 'd want to smash its face in.","1)  New ways of describing badness need to be invented to describe exactly how bad it is .

2)  Romantic , riveting and handsomely animated .","1)  This painfully unfunny farce traffics in tired stereotypes and encumbers itself with complications ... that have no bearing on the story .

2)  Everything its title implies , a standard-issue crime drama spat out from the Tinseltown assembly line .","1)  Kwan is a master of shadow , quietude , and room noise , and Lan Yu is a disarmingly lived-in movie .

2)  I 've had more interesting -- and , dare I say , thematically complex -- bowel movements than this long-on-the-shelf , point-and-shoot exercise in gimmicky crime drama ","1)  While this has the making of melodrama , the filmmaker cuts against this natural grain , producing a work that 's more interested in asking questions than in answering them .

2)  A somewhat disappointing and meandering saga .","1)  A positively thrilling combination of ethnography and all the intrigue , betrayal , deceit and murder of a Shakespearean tragedy or a juicy soap opera .

2)  If you adored The Full Monty so resoundingly that you 're dying to see the same old thing in a tired old setting , then this should keep you reasonably entertained .","1)  It pulls the rug out from under you , just when you 're ready to hate one character , or really sympathize with another character , something happens to send you off in different direction .

2)  Delia , Greta , and Paula rank as three of the most multilayered and sympathetic female characters of the year .","1)  A positively thrilling combination of ethnography and all the intrigue , betrayal , deceit and murder of a Shakespearean tragedy or a juicy soap opera .

2)  Fresnadillo has something serious to say about the ways in which extravagant chance can distort our perspective and throw us off the path of good sense .","1)  It is most remarkable not because of its epic scope , but because of the startling intimacy it achieves despite that breadth .

2)  Treasure Planet rivals the top Japanese animations of recent vintage .","1)  Simply put , there should have been a more compelling excuse to pair Susan Sarandon and Goldie Hawn .

2)  Standing in the Shadows of Motown is the best kind of documentary , one that makes a depleted yesterday feel very much like a brand-new tomorrow .","1)  Everything its title implies , a standard-issue crime drama spat out from the Tinseltown assembly line .

2)  A visual spectacle full of stunning images and effects .","1)  The whole affair is as predictable as can be .

2)  It is messy , uncouth , incomprehensible , vicious and absurd .","1)  Fresnadillo has something serious to say about the ways in which extravagant chance can distort our perspective and throw us off the path of good sense .

2)  It is messy , uncouth , incomprehensible , vicious and absurd .","1)  Simply put , there should have been a more compelling excuse to pair Susan Sarandon and Goldie Hawn .

2)  Romantic , riveting and handsomely animated .","1)  The uneven movie does have its charms and its funny moments but not quite enough of them .

2)  It makes sense that he went back to school to check out the girls -- his film is a frat boy 's idea of a good time .","1)  The main characters are simply named The Husband , The Wife and The Kidnapper , emphasizing the disappointingly generic nature of the entire effort .

2)  Standing in the Shadows of Motown is the best kind of documentary , one that makes a depleted yesterday feel very much like a brand-new tomorrow .","1)  Everything its title implies , a standard-issue crime drama spat out from the Tinseltown assembly line .

2)  I 've had more interesting -- and , dare I say , thematically complex -- bowel movements than this long-on-the-shelf , point-and-shoot exercise in gimmicky crime drama ","1)  Sometimes there are very , very good reasons for certain movies to be sealed in a jar and left on a remote shelf indefinitely .

2)  New ways of describing badness need to be invented to describe exactly how bad it is .","1)  I admire the closing scenes of the film , which seem to ask whether our civilization offers a cure for Vincent 's complaint .

2)  Romantic , riveting and handsomely animated .","1)  Dripping with cliche and bypassing no opportunity to trivialize the material .

2)  Narratively , Trouble Every Day is a plodding mess ."
"2020/07/28 5:39:26 PM GMT+5:30","2","6","3","","1","2","7","1","8","9","8","1","2","","3","","1","","","1","4","1","","1","1","1","7","9","1",""