"Timestamp","1)  Simply put , there should have been a more compelling excuse to pair Susan Sarandon and Goldie Hawn .

2)  A laughable -- or rather , unlaughable -- excuse for a film .","1)  Provides a satisfactory overview of the bizarre world of extreme athletes as several daredevils express their own views .

2)  Dripping with cliche and bypassing no opportunity to trivialize the material .","1)  Simply put , there should have been a more compelling excuse to pair Susan Sarandon and Goldie Hawn .

2)  New ways of describing badness need to be invented to describe exactly how bad it is .","1)  This painfully unfunny farce traffics in tired stereotypes and encumbers itself with complications ... that have no bearing on the story .

2)  My precious new Star Wars movie is a lumbering , wheezy drag ...","1)  The film 's constant mood of melancholy and its unhurried narrative are masterfully controlled .

2)  It is messy , uncouth , incomprehensible , vicious and absurd .","1)  A brilliant , absurd collection of vignettes that , in their own idiosyncratic way , sum up the strange horror of life in the new millennium .

2)  It 's consistently funny , in an irresistible junior-high way , and consistently free of any gag that would force you to give it a millisecond of thought .","1)  Sometimes there are very , very good reasons for certain movies to be sealed in a jar and left on a remote shelf indefinitely .

2)  I 've had more interesting -- and , dare I say , thematically complex -- bowel movements than this long-on-the-shelf , point-and-shoot exercise in gimmicky crime drama ","1)  Simply put , there should have been a more compelling excuse to pair Susan Sarandon and Goldie Hawn .

2)  The main characters are simply named The Husband , The Wife and The Kidnapper , emphasizing the disappointingly generic nature of the entire effort .","1)  Treasure Planet rivals the top Japanese animations of recent vintage .

2)  Insomnia is one of the year 's best films and Pacino gives one of his most daring , and complicated , performances .","1)  A positively thrilling combination of ethnography and all the intrigue , betrayal , deceit and murder of a Shakespearean tragedy or a juicy soap opera .

2)  A brilliant , absurd collection of vignettes that , in their own idiosyncratic way , sum up the strange horror of life in the new millennium .","1)  There 's little to recommend Snow Dogs , unless one considers cliched dialogue and perverse escapism a source of high hilarity .

2)  A laughable -- or rather , unlaughable -- excuse for a film .","1)  Punch-Drunk Love is so convinced of its own brilliance that , if it were a person , you 'd want to smash its face in.

2)  A laughable -- or rather , unlaughable -- excuse for a film .","1)  Sometimes there are very , very good reasons for certain movies to be sealed in a jar and left on a remote shelf indefinitely .

2)  The film 's constant mood of melancholy and its unhurried narrative are masterfully controlled .","1)  The uneven movie does have its charms and its funny moments but not quite enough of them .

2)  Standing in the Shadows of Motown is the best kind of documentary , one that makes a depleted yesterday feel very much like a brand-new tomorrow .","1)  There 's little to recommend Snow Dogs , unless one considers cliched dialogue and perverse escapism a source of high hilarity .

2)  I admire the closing scenes of the film , which seem to ask whether our civilization offers a cure for Vincent 's complaint .","1)  A welcome relief from baseball movies that try too hard to be mythic , this one is a sweet and modest and ultimately winning story .

2)  Treasure Planet rivals the top Japanese animations of recent vintage .","1)  Romantic , riveting and handsomely animated .

2)  If you adored The Full Monty so resoundingly that you 're dying to see the same old thing in a tired old setting , then this should keep you reasonably entertained .","1)  Sometimes there are very , very good reasons for certain movies to be sealed in a jar and left on a remote shelf indefinitely .

2)  Kwan is a master of shadow , quietude , and room noise , and Lan Yu is a disarmingly lived-in movie .","1)  Even when it drags , we are forced to reflect that its visual imagination is breathtaking

2)  Romantic , riveting and handsomely animated .","1)  This movie ... doesn't deserve the energy it takes to describe how bad it is .

2)  Insomnia is one of the year 's best films and Pacino gives one of his most daring , and complicated , performances .","1)  Even when it drags , we are forced to reflect that its visual imagination is breathtaking

2)  It is messy , uncouth , incomprehensible , vicious and absurd .","1)  Even when it drags , we are forced to reflect that its visual imagination is breathtaking

2)  I admire the closing scenes of the film , which seem to ask whether our civilization offers a cure for Vincent 's complaint .","1)  It pulls the rug out from under you , just when you 're ready to hate one character , or really sympathize with another character , something happens to send you off in different direction .

2)  The film does n't really care about the thousands of Americans who die hideously , it cares about how Ryan meets his future wife and makes his start at the CIA .","1)  Even when it drags , we are forced to reflect that its visual imagination is breathtaking

2)  A welcome relief from baseball movies that try too hard to be mythic , this one is a sweet and modest and ultimately winning story .","1)  Opening with some contrived banter , cliches and some loose ends , the screenplay only comes into its own in the second half .

2)  The film does n't really care about the thousands of Americans who die hideously , it cares about how Ryan meets his future wife and makes his start at the CIA .","1)  No , I don't know why Steven Seagal is considered a star , nor why he keeps being cast in action films when none of them are ever any good or make any money .

2)  A visual spectacle full of stunning images and effects .","1)  Fresnadillo has something serious to say about the ways in which extravagant chance can distort our perspective and throw us off the path of good sense .

2)  My precious new Star Wars movie is a lumbering , wheezy drag ...","1)  Treasure Planet rivals the top Japanese animations of recent vintage .

2)  Standing in the Shadows of Motown is the best kind of documentary , one that makes a depleted yesterday feel very much like a brand-new tomorrow .","1)  No , I don't know why Steven Seagal is considered a star , nor why he keeps being cast in action films when none of them are ever any good or make any money .

2)  Punch-Drunk Love is so convinced of its own brilliance that , if it were a person , you 'd want to smash its face in.","1)  Dripping with cliche and bypassing no opportunity to trivialize the material .

2)  It is messy , uncouth , incomprehensible , vicious and absurd ."
"2020/07/15 12:59:44 PM GMT+5:30","4","1","2","5","1","2","8","8","9","10","5","7","2","4","6","8","4","3","8","4","8","6","3","6","4","4","3","7","8","9"