"Timestamp","1)  This painfully unfunny farce traffics in tired stereotypes and encumbers itself with complications ... that have no bearing on the story .

2)  Treasure Planet rivals the top Japanese animations of recent vintage .","1)  I 've had more interesting -- and , dare I say , thematically complex -- bowel movements than this long-on-the-shelf , point-and-shoot exercise in gimmicky crime drama 

2)  It 's consistently funny , in an irresistible junior-high way , and consistently free of any gag that would force you to give it a millisecond of thought .","1)  Simply put , there should have been a more compelling excuse to pair Susan Sarandon and Goldie Hawn .

2)  Dripping with cliche and bypassing no opportunity to trivialize the material .","1)  The whole affair is as predictable as can be .

2)  This movie ... doesn't deserve the energy it takes to describe how bad it is .","1)  Washington as possibly the best actor working in movies today

2)  Romantic , riveting and handsomely animated .","1)  A brilliant , absurd collection of vignettes that , in their own idiosyncratic way , sum up the strange horror of life in the new millennium .

2)  No , I don't know why Steven Seagal is considered a star , nor why he keeps being cast in action films when none of them are ever any good or make any money .","1)  a genre that 's already a joke in the United States .

2)  Romantic , riveting and handsomely animated .","1)  The uneven movie does have its charms and its funny moments but not quite enough of them .

2)  It is messy , uncouth , incomprehensible , vicious and absurd .","1)  The whole affair is as predictable as can be .

2)  Punch-Drunk Love is so convinced of its own brilliance that , if it were a person , you 'd want to smash its face in.","1)  The uneven movie does have its charms and its funny moments but not quite enough of them .

2)  Insomnia is one of the year 's best films and Pacino gives one of his most daring , and complicated , performances .","1)  Occasionally loud and offensive , but more often , it simply lulls you into a gentle waking coma .

2)  Treasure Planet rivals the top Japanese animations of recent vintage .","1)  Washington as possibly the best actor working in movies today

2)  a genre that 's already a joke in the United States .","1)  Provides a satisfactory overview of the bizarre world of extreme athletes as several daredevils express their own views .

2)  Punch-Drunk Love is so convinced of its own brilliance that , if it were a person , you 'd want to smash its face in.","1)  Dripping with cliche and bypassing no opportunity to trivialize the material .

2)  More good than great but Freeman and Judd make it work .","1)  More good than great but Freeman and Judd make it work .

2)  Standing in the Shadows of Motown is the best kind of documentary , one that makes a depleted yesterday feel very much like a brand-new tomorrow .","1)  Romantic , riveting and handsomely animated .

2)  A laughable -- or rather , unlaughable -- excuse for a film .","1)  Treasure Planet rivals the top Japanese animations of recent vintage .

2)  The main characters are simply named The Husband , The Wife and The Kidnapper , emphasizing the disappointingly generic nature of the entire effort .","1)  Sometimes there are very , very good reasons for certain movies to be sealed in a jar and left on a remote shelf indefinitely .

2)  This painfully unfunny farce traffics in tired stereotypes and encumbers itself with complications ... that have no bearing on the story .","1)  Fresnadillo has something serious to say about the ways in which extravagant chance can distort our perspective and throw us off the path of good sense .

2)  Narratively , Trouble Every Day is a plodding mess .","1)  a genre that 's already a joke in the United States .

2)  The film does n't really care about the thousands of Americans who die hideously , it cares about how Ryan meets his future wife and makes his start at the CIA .","1)  Occasionally loud and offensive , but more often , it simply lulls you into a gentle waking coma .

2)  Opening with some contrived banter , cliches and some loose ends , the screenplay only comes into its own in the second half .","1)  There 's little to recommend Snow Dogs , unless one considers cliched dialogue and perverse escapism a source of high hilarity .

2)  The film 's constant mood of melancholy and its unhurried narrative are masterfully controlled .","1)  This painfully unfunny farce traffics in tired stereotypes and encumbers itself with complications ... that have no bearing on the story .

2)  No , I don't know why Steven Seagal is considered a star , nor why he keeps being cast in action films when none of them are ever any good or make any money .","1)  The uneven movie does have its charms and its funny moments but not quite enough of them .

2)  My precious new Star Wars movie is a lumbering , wheezy drag ...","1)  It makes sense that he went back to school to check out the girls -- his film is a frat boy 's idea of a good time .

2)  A visual spectacle full of stunning images and effects .","1)  A positively thrilling combination of ethnography and all the intrigue , betrayal , deceit and murder of a Shakespearean tragedy or a juicy soap opera .

2)  New ways of describing badness need to be invented to describe exactly how bad it is .","1)  I 've had more interesting -- and , dare I say , thematically complex -- bowel movements than this long-on-the-shelf , point-and-shoot exercise in gimmicky crime drama 

2)  A somewhat disappointing and meandering saga .","1)  New ways of describing badness need to be invented to describe exactly how bad it is .

2)  Will probably be one of those movies barely registering a blip on the radar screen of 2002 .","1)  Sometimes there are very , very good reasons for certain movies to be sealed in a jar and left on a remote shelf indefinitely .

2)  Romantic , riveting and handsomely animated .","1)  Simply put , there should have been a more compelling excuse to pair Susan Sarandon and Goldie Hawn .

2)  A visual spectacle full of stunning images and effects ."
"2020/07/04 12:07:43 PM GMT+5:30","1","1","5","8","7","3","3","6","8","5","1","2","3","6","6","2","1","7","3","4","6","1","3","3","1","1","7","9","1","1"