"Timestamp","1)  Occasionally loud and offensive , but more often , it simply lulls you into a gentle waking coma .

2)  It pulls the rug out from under you , just when you 're ready to hate one character , or really sympathize with another character , something happens to send you off in different direction .","1)  Everything its title implies , a standard-issue crime drama spat out from the Tinseltown assembly line .

2)  Insomnia is one of the year 's best films and Pacino gives one of his most daring , and complicated , performances .","1)  A positively thrilling combination of ethnography and all the intrigue , betrayal , deceit and murder of a Shakespearean tragedy or a juicy soap opera .

2)  Occasionally loud and offensive , but more often , it simply lulls you into a gentle waking coma .","1)  This painfully unfunny farce traffics in tired stereotypes and encumbers itself with complications ... that have no bearing on the story .

2)  The main characters are simply named The Husband , The Wife and The Kidnapper , emphasizing the disappointingly generic nature of the entire effort .","1)  This painfully unfunny farce traffics in tired stereotypes and encumbers itself with complications ... that have no bearing on the story .

2)  It is most remarkable not because of its epic scope , but because of the startling intimacy it achieves despite that breadth .","1)  While this has the making of melodrama , the filmmaker cuts against this natural grain , producing a work that 's more interested in asking questions than in answering them .

2)  Everything its title implies , a standard-issue crime drama spat out from the Tinseltown assembly line .","1)  Insomnia is one of the year 's best films and Pacino gives one of his most daring , and complicated , performances .

2)  The film 's constant mood of melancholy and its unhurried narrative are masterfully controlled .","1)  There 's little to recommend Snow Dogs , unless one considers cliched dialogue and perverse escapism a source of high hilarity .

2)  It is messy , uncouth , incomprehensible , vicious and absurd .","1)  Narratively , Trouble Every Day is a plodding mess .

2)  Insomnia is one of the year 's best films and Pacino gives one of his most daring , and complicated , performances .","1)  Washington as possibly the best actor working in movies today

2)  Delia , Greta , and Paula rank as three of the most multilayered and sympathetic female characters of the year .","1)  New ways of describing badness need to be invented to describe exactly how bad it is .

2)  It 's consistently funny , in an irresistible junior-high way , and consistently free of any gag that would force you to give it a millisecond of thought .","1)  A positively thrilling combination of ethnography and all the intrigue , betrayal , deceit and murder of a Shakespearean tragedy or a juicy soap opera .

2)  A welcome relief from baseball movies that try too hard to be mythic , this one is a sweet and modest and ultimately winning story .","1)  Fresnadillo has something serious to say about the ways in which extravagant chance can distort our perspective and throw us off the path of good sense .

2)  Punch-Drunk Love is so convinced of its own brilliance that , if it were a person , you 'd want to smash its face in.","1)  A welcome relief from baseball movies that try too hard to be mythic , this one is a sweet and modest and ultimately winning story .

2)  A brilliant , absurd collection of vignettes that , in their own idiosyncratic way , sum up the strange horror of life in the new millennium .","1)  Washington as possibly the best actor working in movies today

2)  Occasionally loud and offensive , but more often , it simply lulls you into a gentle waking coma .","1)  Sometimes there are very , very good reasons for certain movies to be sealed in a jar and left on a remote shelf indefinitely .

2)  Delia , Greta , and Paula rank as three of the most multilayered and sympathetic female characters of the year .","1)  Occasionally loud and offensive , but more often , it simply lulls you into a gentle waking coma .

2)  Simply put , there should have been a more compelling excuse to pair Susan Sarandon and Goldie Hawn .","1)  Simply put , there should have been a more compelling excuse to pair Susan Sarandon and Goldie Hawn .

2)  Delia , Greta , and Paula rank as three of the most multilayered and sympathetic female characters of the year .","1)  It is most remarkable not because of its epic scope , but because of the startling intimacy it achieves despite that breadth .

2)  Insomnia is one of the year 's best films and Pacino gives one of his most daring , and complicated , performances .","1)  I admire the closing scenes of the film , which seem to ask whether our civilization offers a cure for Vincent 's complaint .

2)  Narratively , Trouble Every Day is a plodding mess .","1)  The respective charms of Sandra Bullock and Hugh Grant have worn threadbare .

2)  Insomnia is one of the year 's best films and Pacino gives one of his most daring , and complicated , performances .","1)  I admire the closing scenes of the film , which seem to ask whether our civilization offers a cure for Vincent 's complaint .

2)  New ways of describing badness need to be invented to describe exactly how bad it is .","1)  Washington as possibly the best actor working in movies today

2)  The film does n't really care about the thousands of Americans who die hideously , it cares about how Ryan meets his future wife and makes his start at the CIA .","1)  Narratively , Trouble Every Day is a plodding mess .

2)  I 've had more interesting -- and , dare I say , thematically complex -- bowel movements than this long-on-the-shelf , point-and-shoot exercise in gimmicky crime drama ","1)  A positively thrilling combination of ethnography and all the intrigue , betrayal , deceit and murder of a Shakespearean tragedy or a juicy soap opera .

2)  The film 's constant mood of melancholy and its unhurried narrative are masterfully controlled .","1)  There 's little to recommend Snow Dogs , unless one considers cliched dialogue and perverse escapism a source of high hilarity .

2)  Opening with some contrived banter , cliches and some loose ends , the screenplay only comes into its own in the second half .","1)  I admire the closing scenes of the film , which seem to ask whether our civilization offers a cure for Vincent 's complaint .

2)  While this has the making of melodrama , the filmmaker cuts against this natural grain , producing a work that 's more interested in asking questions than in answering them .","1)  Even fans of Ismail Merchant 's work , I suspect , would have a hard time sitting through this one .

2)  I 've had more interesting -- and , dare I say , thematically complex -- bowel movements than this long-on-the-shelf , point-and-shoot exercise in gimmicky crime drama ","1)  It is most remarkable not because of its epic scope , but because of the startling intimacy it achieves despite that breadth .

2)  It is messy , uncouth , incomprehensible , vicious and absurd .","1)  Even fans of Ismail Merchant 's work , I suspect , would have a hard time sitting through this one .

2)  My precious new Star Wars movie is a lumbering , wheezy drag ..."
"2020/07/07 11:41:39 PM GMT+5:30","2","3","1","10","2","3","8","9","1","9","2","8","7","8","1","1","7","2","9","1","2","4","5","10","8","8","9","10","1","10"
"2020/07/12 12:38:57 AM GMT+5:30","2","3","1","7","4","5","8","6","3","7","8","4","4","3","4","3","6","3","8","3","4","2","6","8","8","4","9","7","3","6"