"Timestamp","1)  The film 's constant mood of melancholy and its unhurried narrative are masterfully controlled .

2)  It makes sense that he went back to school to check out the girls -- his film is a frat boy 's idea of a good time .","1)  Everything its title implies , a standard-issue crime drama spat out from the Tinseltown assembly line .

2)  It is messy , uncouth , incomprehensible , vicious and absurd .","1)  Punch-Drunk Love is so convinced of its own brilliance that , if it were a person , you 'd want to smash its face in.

2)  The film does n't really care about the thousands of Americans who die hideously , it cares about how Ryan meets his future wife and makes his start at the CIA .","1)  This movie ... doesn't deserve the energy it takes to describe how bad it is .

2)  My precious new Star Wars movie is a lumbering , wheezy drag ...","1)  The whole affair is as predictable as can be .

2)  It pulls the rug out from under you , just when you 're ready to hate one character , or really sympathize with another character , something happens to send you off in different direction .","1)  Even fans of Ismail Merchant 's work , I suspect , would have a hard time sitting through this one .

2)  No , I don't know why Steven Seagal is considered a star , nor why he keeps being cast in action films when none of them are ever any good or make any money .","1)  Washington as possibly the best actor working in movies today

2)  Narratively , Trouble Every Day is a plodding mess .","1)  Romantic , riveting and handsomely animated .

2)  I 've had more interesting -- and , dare I say , thematically complex -- bowel movements than this long-on-the-shelf , point-and-shoot exercise in gimmicky crime drama ","1)  Opening with some contrived banter , cliches and some loose ends , the screenplay only comes into its own in the second half .

2)  New ways of describing badness need to be invented to describe exactly how bad it is .","1)  While this has the making of melodrama , the filmmaker cuts against this natural grain , producing a work that 's more interested in asking questions than in answering them .

2)  An emotionally strong and politically potent piece of cinema .","1)  It makes sense that he went back to school to check out the girls -- his film is a frat boy 's idea of a good time .

2)  I 've had more interesting -- and , dare I say , thematically complex -- bowel movements than this long-on-the-shelf , point-and-shoot exercise in gimmicky crime drama ","1)  My precious new Star Wars movie is a lumbering , wheezy drag ...

2)  Standing in the Shadows of Motown is the best kind of documentary , one that makes a depleted yesterday feel very much like a brand-new tomorrow .","1)  a genre that 's already a joke in the United States .

2)  There 's little to recommend Snow Dogs , unless one considers cliched dialogue and perverse escapism a source of high hilarity .","1)  A brilliant , absurd collection of vignettes that , in their own idiosyncratic way , sum up the strange horror of life in the new millennium .

2)  A somewhat disappointing and meandering saga .","1)  A welcome relief from baseball movies that try too hard to be mythic , this one is a sweet and modest and ultimately winning story .

2)  My precious new Star Wars movie is a lumbering , wheezy drag ...","1)  It pulls the rug out from under you , just when you 're ready to hate one character , or really sympathize with another character , something happens to send you off in different direction .

2)  A visual spectacle full of stunning images and effects .","1)  Simply put , there should have been a more compelling excuse to pair Susan Sarandon and Goldie Hawn .

2)  If you adored The Full Monty so resoundingly that you 're dying to see the same old thing in a tired old setting , then this should keep you reasonably entertained .","1)  Romantic , riveting and handsomely animated .

2)  It is messy , uncouth , incomprehensible , vicious and absurd .","1)  Washington as possibly the best actor working in movies today

2)  Punch-Drunk Love is so convinced of its own brilliance that , if it were a person , you 'd want to smash its face in.","1)  Kwan is a master of shadow , quietude , and room noise , and Lan Yu is a disarmingly lived-in movie .

2)  The film does n't really care about the thousands of Americans who die hideously , it cares about how Ryan meets his future wife and makes his start at the CIA .","1)  Delia , Greta , and Paula rank as three of the most multilayered and sympathetic female characters of the year .

2)  Punch-Drunk Love is so convinced of its own brilliance that , if it were a person , you 'd want to smash its face in.","1)  A welcome relief from baseball movies that try too hard to be mythic , this one is a sweet and modest and ultimately winning story .

2)  A somewhat disappointing and meandering saga .","1)  The film does n't really care about the thousands of Americans who die hideously , it cares about how Ryan meets his future wife and makes his start at the CIA .

2)  I 've had more interesting -- and , dare I say , thematically complex -- bowel movements than this long-on-the-shelf , point-and-shoot exercise in gimmicky crime drama ","1)  Treasure Planet rivals the top Japanese animations of recent vintage .

2)  Even fans of Ismail Merchant 's work , I suspect , would have a hard time sitting through this one .","1)  Sometimes there are very , very good reasons for certain movies to be sealed in a jar and left on a remote shelf indefinitely .

2)  No , I don't know why Steven Seagal is considered a star , nor why he keeps being cast in action films when none of them are ever any good or make any money .","1)  Even fans of Ismail Merchant 's work , I suspect , would have a hard time sitting through this one .

2)  A visual spectacle full of stunning images and effects .","1)  It is messy , uncouth , incomprehensible , vicious and absurd .

2)  Standing in the Shadows of Motown is the best kind of documentary , one that makes a depleted yesterday feel very much like a brand-new tomorrow .","1)  It makes sense that he went back to school to check out the girls -- his film is a frat boy 's idea of a good time .

2)  It 's consistently funny , in an irresistible junior-high way , and consistently free of any gag that would force you to give it a millisecond of thought .","1)  Occasionally loud and offensive , but more often , it simply lulls you into a gentle waking coma .

2)  Kwan is a master of shadow , quietude , and room noise , and Lan Yu is a disarmingly lived-in movie .","1)  A brilliant , absurd collection of vignettes that , in their own idiosyncratic way , sum up the strange horror of life in the new millennium .

2)  Standing in the Shadows of Motown is the best kind of documentary , one that makes a depleted yesterday feel very much like a brand-new tomorrow ."
"2020/07/12 10:25:05 AM GMT+5:30","1","2","3","1","1","8","1","1","2","7","1","1","5","3","1","1","1","1","5","1","1","1","1","1","2","1","1","1","1","1"