"Timestamp","1)  Delia , Greta , and Paula rank as three of the most multilayered and sympathetic female characters of the year .

2)  Standing in the Shadows of Motown is the best kind of documentary , one that makes a depleted yesterday feel very much like a brand-new tomorrow .","1)  Simply put , there should have been a more compelling excuse to pair Susan Sarandon and Goldie Hawn .

2)  It 's consistently funny , in an irresistible junior-high way , and consistently free of any gag that would force you to give it a millisecond of thought .","1)  I admire the closing scenes of the film , which seem to ask whether our civilization offers a cure for Vincent 's complaint .

2)  Kwan is a master of shadow , quietude , and room noise , and Lan Yu is a disarmingly lived-in movie .","1)  A brilliant , absurd collection of vignettes that , in their own idiosyncratic way , sum up the strange horror of life in the new millennium .

2)  I admire the closing scenes of the film , which seem to ask whether our civilization offers a cure for Vincent 's complaint .","1)  More good than great but Freeman and Judd make it work .

2)  Punch-Drunk Love is so convinced of its own brilliance that , if it were a person , you 'd want to smash its face in.","1)  It is most remarkable not because of its epic scope , but because of the startling intimacy it achieves despite that breadth .

2)  An emotionally strong and politically potent piece of cinema .","1)  Sometimes there are very , very good reasons for certain movies to be sealed in a jar and left on a remote shelf indefinitely .

2)  Insomnia is one of the year 's best films and Pacino gives one of his most daring , and complicated , performances .","1)  Even fans of Ismail Merchant 's work , I suspect , would have a hard time sitting through this one .

2)  A laughable -- or rather , unlaughable -- excuse for a film .","1)  Provides a satisfactory overview of the bizarre world of extreme athletes as several daredevils express their own views .

2)  Opening with some contrived banter , cliches and some loose ends , the screenplay only comes into its own in the second half .","1)  A welcome relief from baseball movies that try too hard to be mythic , this one is a sweet and modest and ultimately winning story .

2)  Standing in the Shadows of Motown is the best kind of documentary , one that makes a depleted yesterday feel very much like a brand-new tomorrow .","1)  The respective charms of Sandra Bullock and Hugh Grant have worn threadbare .

2)  It is messy , uncouth , incomprehensible , vicious and absurd .","1)  Even fans of Ismail Merchant 's work , I suspect , would have a hard time sitting through this one .

2)  If you adored The Full Monty so resoundingly that you 're dying to see the same old thing in a tired old setting , then this should keep you reasonably entertained .","1)  The respective charms of Sandra Bullock and Hugh Grant have worn threadbare .

2)  Will probably be one of those movies barely registering a blip on the radar screen of 2002 .","1)  Even when it drags , we are forced to reflect that its visual imagination is breathtaking

2)  The uneven movie does have its charms and its funny moments but not quite enough of them .","1)  A welcome relief from baseball movies that try too hard to be mythic , this one is a sweet and modest and ultimately winning story .

2)  Will probably be one of those movies barely registering a blip on the radar screen of 2002 .","1)  The whole affair is as predictable as can be .

2)  Treasure Planet rivals the top Japanese animations of recent vintage .","1)  There 's little to recommend Snow Dogs , unless one considers cliched dialogue and perverse escapism a source of high hilarity .

2)  New ways of describing badness need to be invented to describe exactly how bad it is .","1)  A welcome relief from baseball movies that try too hard to be mythic , this one is a sweet and modest and ultimately winning story .

2)  The respective charms of Sandra Bullock and Hugh Grant have worn threadbare .","1)  Provides a satisfactory overview of the bizarre world of extreme athletes as several daredevils express their own views .

2)  It makes sense that he went back to school to check out the girls -- his film is a frat boy 's idea of a good time .","1)  Narratively , Trouble Every Day is a plodding mess .

2)  If you adored The Full Monty so resoundingly that you 're dying to see the same old thing in a tired old setting , then this should keep you reasonably entertained .","1)  No , I don't know why Steven Seagal is considered a star , nor why he keeps being cast in action films when none of them are ever any good or make any money .

2)  If you adored The Full Monty so resoundingly that you 're dying to see the same old thing in a tired old setting , then this should keep you reasonably entertained .","1)  A brilliant , absurd collection of vignettes that , in their own idiosyncratic way , sum up the strange horror of life in the new millennium .

2)  Insomnia is one of the year 's best films and Pacino gives one of his most daring , and complicated , performances .","1)  While this has the making of melodrama , the filmmaker cuts against this natural grain , producing a work that 's more interested in asking questions than in answering them .

2)  New ways of describing badness need to be invented to describe exactly how bad it is .","1)  Romantic , riveting and handsomely animated .

2)  My precious new Star Wars movie is a lumbering , wheezy drag ...","1)  Provides a satisfactory overview of the bizarre world of extreme athletes as several daredevils express their own views .

2)  Fresnadillo has something serious to say about the ways in which extravagant chance can distort our perspective and throw us off the path of good sense .","1)  Occasionally loud and offensive , but more often , it simply lulls you into a gentle waking coma .

2)  While this has the making of melodrama , the filmmaker cuts against this natural grain , producing a work that 's more interested in asking questions than in answering them .","1)  Opening with some contrived banter , cliches and some loose ends , the screenplay only comes into its own in the second half .

2)  A visual spectacle full of stunning images and effects .","1)  The uneven movie does have its charms and its funny moments but not quite enough of them .

2)  A somewhat disappointing and meandering saga .","1)  A positively thrilling combination of ethnography and all the intrigue , betrayal , deceit and murder of a Shakespearean tragedy or a juicy soap opera .

2)  I admire the closing scenes of the film , which seem to ask whether our civilization offers a cure for Vincent 's complaint .","1)  Even fans of Ismail Merchant 's work , I suspect , would have a hard time sitting through this one .

2)  Everything its title implies , a standard-issue crime drama spat out from the Tinseltown assembly line ."
"2020/07/22 4:02:50 PM GMT+5:30","1","1","1","1","2","8","10","9","5","8","1","8","5","7","1","1","7","8","7","9","9","8","7","8","5","8","5","9","6","5"
"2020/07/22 4:30:39 PM GMT+5:30","8","3","9","7","4","10","1","8","9","10","8","7","8","8","1","2","7","2","8","4","8","8","8","3","3","7","9","6","9","6"
"2020/07/22 10:27:46 PM GMT+5:30","6","5","5","6","4","9","2","9","5","8","2","2","2","8","3","4","9","6","7","5","5","9","2","3","8","7","6","9","6","7"