"Timestamp","1)  A welcome relief from baseball movies that try too hard to be mythic , this one is a sweet and modest and ultimately winning story .

2)  It is most remarkable not because of its epic scope , but because of the startling intimacy it achieves despite that breadth .","1)  Dripping with cliche and bypassing no opportunity to trivialize the material .

2)  It 's consistently funny , in an irresistible junior-high way , and consistently free of any gag that would force you to give it a millisecond of thought .","1)  Delia , Greta , and Paula rank as three of the most multilayered and sympathetic female characters of the year .

2)  It is messy , uncouth , incomprehensible , vicious and absurd .","1)  No , I don't know why Steven Seagal is considered a star , nor why he keeps being cast in action films when none of them are ever any good or make any money .

2)  It makes sense that he went back to school to check out the girls -- his film is a frat boy 's idea of a good time .","1)  The respective charms of Sandra Bullock and Hugh Grant have worn threadbare .

2)  I 've had more interesting -- and , dare I say , thematically complex -- bowel movements than this long-on-the-shelf , point-and-shoot exercise in gimmicky crime drama ","1)  Occasionally loud and offensive , but more often , it simply lulls you into a gentle waking coma .

2)  A brilliant , absurd collection of vignettes that , in their own idiosyncratic way , sum up the strange horror of life in the new millennium .","1)  The main characters are simply named The Husband , The Wife and The Kidnapper , emphasizing the disappointingly generic nature of the entire effort .

2)  A laughable -- or rather , unlaughable -- excuse for a film .","1)  The respective charms of Sandra Bullock and Hugh Grant have worn threadbare .

2)  My precious new Star Wars movie is a lumbering , wheezy drag ...","1)  A brilliant , absurd collection of vignettes that , in their own idiosyncratic way , sum up the strange horror of life in the new millennium .

2)  Punch-Drunk Love is so convinced of its own brilliance that , if it were a person , you 'd want to smash its face in.","1)  Washington as possibly the best actor working in movies today

2)  New ways of describing badness need to be invented to describe exactly how bad it is .","1)  Dripping with cliche and bypassing no opportunity to trivialize the material .

2)  Insomnia is one of the year 's best films and Pacino gives one of his most daring , and complicated , performances .","1)  Washington as possibly the best actor working in movies today

2)  Dripping with cliche and bypassing no opportunity to trivialize the material .","1)  A positively thrilling combination of ethnography and all the intrigue , betrayal , deceit and murder of a Shakespearean tragedy or a juicy soap opera .

2)  No , I don't know why Steven Seagal is considered a star , nor why he keeps being cast in action films when none of them are ever any good or make any money .","1)  Even fans of Ismail Merchant 's work , I suspect , would have a hard time sitting through this one .

2)  Kwan is a master of shadow , quietude , and room noise , and Lan Yu is a disarmingly lived-in movie .","1)  New ways of describing badness need to be invented to describe exactly how bad it is .

2)  The uneven movie does have its charms and its funny moments but not quite enough of them .","1)  My precious new Star Wars movie is a lumbering , wheezy drag ...

2)  It makes sense that he went back to school to check out the girls -- his film is a frat boy 's idea of a good time .","1)  I admire the closing scenes of the film , which seem to ask whether our civilization offers a cure for Vincent 's complaint .

2)  If you adored The Full Monty so resoundingly that you 're dying to see the same old thing in a tired old setting , then this should keep you reasonably entertained .","1)  Kwan is a master of shadow , quietude , and room noise , and Lan Yu is a disarmingly lived-in movie .

2)  If you adored The Full Monty so resoundingly that you 're dying to see the same old thing in a tired old setting , then this should keep you reasonably entertained .","1)  Fresnadillo has something serious to say about the ways in which extravagant chance can distort our perspective and throw us off the path of good sense .

2)  It is most remarkable not because of its epic scope , but because of the startling intimacy it achieves despite that breadth .","1)  New ways of describing badness need to be invented to describe exactly how bad it is .

2)  A visual spectacle full of stunning images and effects .","1)  Washington as possibly the best actor working in movies today

2)  It 's consistently funny , in an irresistible junior-high way , and consistently free of any gag that would force you to give it a millisecond of thought .","1)  Kwan is a master of shadow , quietude , and room noise , and Lan Yu is a disarmingly lived-in movie .

2)  Standing in the Shadows of Motown is the best kind of documentary , one that makes a depleted yesterday feel very much like a brand-new tomorrow .","1)  Narratively , Trouble Every Day is a plodding mess .

2)  This movie ... doesn't deserve the energy it takes to describe how bad it is .","1)  The whole affair is as predictable as can be .

2)  Insomnia is one of the year 's best films and Pacino gives one of his most daring , and complicated , performances .","1)  There 's little to recommend Snow Dogs , unless one considers cliched dialogue and perverse escapism a source of high hilarity .

2)  Dripping with cliche and bypassing no opportunity to trivialize the material .","1)  If you adored The Full Monty so resoundingly that you 're dying to see the same old thing in a tired old setting , then this should keep you reasonably entertained .

2)  Standing in the Shadows of Motown is the best kind of documentary , one that makes a depleted yesterday feel very much like a brand-new tomorrow .","1)  I 've had more interesting -- and , dare I say , thematically complex -- bowel movements than this long-on-the-shelf , point-and-shoot exercise in gimmicky crime drama 

2)  A visual spectacle full of stunning images and effects .","1)  Treasure Planet rivals the top Japanese animations of recent vintage .

2)  New ways of describing badness need to be invented to describe exactly how bad it is .","1)  It is most remarkable not because of its epic scope , but because of the startling intimacy it achieves despite that breadth .

2)  A somewhat disappointing and meandering saga .","1)  Treasure Planet rivals the top Japanese animations of recent vintage .

2)  A visual spectacle full of stunning images and effects ."
"2020/07/06 10:15:24 PM GMT+5:30","9","5","2","9","2","5","9","1","2","5","2","2","9","5","9","10","5","4","5","7","10","10","10","7","10","5","5","3","7","9"