"Timestamp","1)  This painfully unfunny farce traffics in tired stereotypes and encumbers itself with complications ... that have no bearing on the story .

2)  A somewhat disappointing and meandering saga .","1)  Fresnadillo has something serious to say about the ways in which extravagant chance can distort our perspective and throw us off the path of good sense .

2)  It 's consistently funny , in an irresistible junior-high way , and consistently free of any gag that would force you to give it a millisecond of thought .","1)  More good than great but Freeman and Judd make it work .

2)  An emotionally strong and politically potent piece of cinema .","1)  Delia , Greta , and Paula rank as three of the most multilayered and sympathetic female characters of the year .

2)  A visual spectacle full of stunning images and effects .","1)  This painfully unfunny farce traffics in tired stereotypes and encumbers itself with complications ... that have no bearing on the story .

2)  While this has the making of melodrama , the filmmaker cuts against this natural grain , producing a work that 's more interested in asking questions than in answering them .","1)  Opening with some contrived banter , cliches and some loose ends , the screenplay only comes into its own in the second half .

2)  Kwan is a master of shadow , quietude , and room noise , and Lan Yu is a disarmingly lived-in movie .","1)  Kwan is a master of shadow , quietude , and room noise , and Lan Yu is a disarmingly lived-in movie .

2)  My precious new Star Wars movie is a lumbering , wheezy drag ...","1)  Even when it drags , we are forced to reflect that its visual imagination is breathtaking

2)  Punch-Drunk Love is so convinced of its own brilliance that , if it were a person , you 'd want to smash its face in.","1)  No , I don't know why Steven Seagal is considered a star , nor why he keeps being cast in action films when none of them are ever any good or make any money .

2)  I 've had more interesting -- and , dare I say , thematically complex -- bowel movements than this long-on-the-shelf , point-and-shoot exercise in gimmicky crime drama ","1)  A brilliant , absurd collection of vignettes that , in their own idiosyncratic way , sum up the strange horror of life in the new millennium .

2)  If you adored The Full Monty so resoundingly that you 're dying to see the same old thing in a tired old setting , then this should keep you reasonably entertained .","1)  Washington as possibly the best actor working in movies today

2)  Will probably be one of those movies barely registering a blip on the radar screen of 2002 .","1)  This painfully unfunny farce traffics in tired stereotypes and encumbers itself with complications ... that have no bearing on the story .

2)  Kwan is a master of shadow , quietude , and room noise , and Lan Yu is a disarmingly lived-in movie .","1)  Opening with some contrived banter , cliches and some loose ends , the screenplay only comes into its own in the second half .

2)  Everything its title implies , a standard-issue crime drama spat out from the Tinseltown assembly line .","1)  There 's little to recommend Snow Dogs , unless one considers cliched dialogue and perverse escapism a source of high hilarity .

2)  If you adored The Full Monty so resoundingly that you 're dying to see the same old thing in a tired old setting , then this should keep you reasonably entertained .","1)  Occasionally loud and offensive , but more often , it simply lulls you into a gentle waking coma .

2)  The uneven movie does have its charms and its funny moments but not quite enough of them .","1)  Fresnadillo has something serious to say about the ways in which extravagant chance can distort our perspective and throw us off the path of good sense .

2)  Treasure Planet rivals the top Japanese animations of recent vintage .","1)  Even when it drags , we are forced to reflect that its visual imagination is breathtaking

2)  Simply put , there should have been a more compelling excuse to pair Susan Sarandon and Goldie Hawn .","1)  Treasure Planet rivals the top Japanese animations of recent vintage .

2)  The film 's constant mood of melancholy and its unhurried narrative are masterfully controlled .","1)  Even fans of Ismail Merchant 's work , I suspect , would have a hard time sitting through this one .

2)  The respective charms of Sandra Bullock and Hugh Grant have worn threadbare .","1)  My precious new Star Wars movie is a lumbering , wheezy drag ...

2)  If you adored The Full Monty so resoundingly that you 're dying to see the same old thing in a tired old setting , then this should keep you reasonably entertained .","1)  Sometimes there are very , very good reasons for certain movies to be sealed in a jar and left on a remote shelf indefinitely .

2)  Occasionally loud and offensive , but more often , it simply lulls you into a gentle waking coma .","1)  a genre that 's already a joke in the United States .

2)  A somewhat disappointing and meandering saga .","1)  A laughable -- or rather , unlaughable -- excuse for a film .

2)  The film 's constant mood of melancholy and its unhurried narrative are masterfully controlled .","1)  This painfully unfunny farce traffics in tired stereotypes and encumbers itself with complications ... that have no bearing on the story .

2)  If you adored The Full Monty so resoundingly that you 're dying to see the same old thing in a tired old setting , then this should keep you reasonably entertained .","1)  Simply put , there should have been a more compelling excuse to pair Susan Sarandon and Goldie Hawn .

2)  Kwan is a master of shadow , quietude , and room noise , and Lan Yu is a disarmingly lived-in movie .","1)  Delia , Greta , and Paula rank as three of the most multilayered and sympathetic female characters of the year .

2)  Will probably be one of those movies barely registering a blip on the radar screen of 2002 .","1)  Simply put , there should have been a more compelling excuse to pair Susan Sarandon and Goldie Hawn .

2)  Even fans of Ismail Merchant 's work , I suspect , would have a hard time sitting through this one .","1)  It is most remarkable not because of its epic scope , but because of the startling intimacy it achieves despite that breadth .

2)  The film 's constant mood of melancholy and its unhurried narrative are masterfully controlled .","1)  Simply put , there should have been a more compelling excuse to pair Susan Sarandon and Goldie Hawn .

2)  The respective charms of Sandra Bullock and Hugh Grant have worn threadbare .","1)  Washington as possibly the best actor working in movies today

2)  Provides a satisfactory overview of the bizarre world of extreme athletes as several daredevils express their own views ."
"2020/07/12 10:35:16 AM GMT+5:30","6","1","1","1","2","1","1","1","1","1","1","1","1","1","1","1","1","1","3","2","8","3","1","1","1","1","6","1","1","1"