"Timestamp","1)  The film does n't really care about the thousands of Americans who die hideously , it cares about how Ryan meets his future wife and makes his start at the CIA .

2)  A visual spectacle full of stunning images and effects .","1)  More good than great but Freeman and Judd make it work .

2)  New ways of describing badness need to be invented to describe exactly how bad it is .","1)  The film 's constant mood of melancholy and its unhurried narrative are masterfully controlled .

2)  Will probably be one of those movies barely registering a blip on the radar screen of 2002 .","1)  New ways of describing badness need to be invented to describe exactly how bad it is .

2)  Standing in the Shadows of Motown is the best kind of documentary , one that makes a depleted yesterday feel very much like a brand-new tomorrow .","1)  No , I don't know why Steven Seagal is considered a star , nor why he keeps being cast in action films when none of them are ever any good or make any money .

2)  Romantic , riveting and handsomely animated .","1)  The whole affair is as predictable as can be .

2)  Romantic , riveting and handsomely animated .","1)  It is most remarkable not because of its epic scope , but because of the startling intimacy it achieves despite that breadth .

2)  Everything its title implies , a standard-issue crime drama spat out from the Tinseltown assembly line .","1)  a genre that 's already a joke in the United States .

2)  Punch-Drunk Love is so convinced of its own brilliance that , if it were a person , you 'd want to smash its face in.","1)  There 's little to recommend Snow Dogs , unless one considers cliched dialogue and perverse escapism a source of high hilarity .

2)  Simply put , there should have been a more compelling excuse to pair Susan Sarandon and Goldie Hawn .","1)  This painfully unfunny farce traffics in tired stereotypes and encumbers itself with complications ... that have no bearing on the story .

2)  The uneven movie does have its charms and its funny moments but not quite enough of them .","1)  Opening with some contrived banter , cliches and some loose ends , the screenplay only comes into its own in the second half .

2)  A laughable -- or rather , unlaughable -- excuse for a film .","1)  More good than great but Freeman and Judd make it work .

2)  My precious new Star Wars movie is a lumbering , wheezy drag ...","1)  This movie ... doesn't deserve the energy it takes to describe how bad it is .

2)  Delia , Greta , and Paula rank as three of the most multilayered and sympathetic female characters of the year .","1)  There 's little to recommend Snow Dogs , unless one considers cliched dialogue and perverse escapism a source of high hilarity .

2)  Narratively , Trouble Every Day is a plodding mess .","1)  Fresnadillo has something serious to say about the ways in which extravagant chance can distort our perspective and throw us off the path of good sense .

2)  The film does n't really care about the thousands of Americans who die hideously , it cares about how Ryan meets his future wife and makes his start at the CIA .","1)  More good than great but Freeman and Judd make it work .

2)  Delia , Greta , and Paula rank as three of the most multilayered and sympathetic female characters of the year .","1)  Even when it drags , we are forced to reflect that its visual imagination is breathtaking

2)  This movie ... doesn't deserve the energy it takes to describe how bad it is .","1)  Dripping with cliche and bypassing no opportunity to trivialize the material .

2)  Punch-Drunk Love is so convinced of its own brilliance that , if it were a person , you 'd want to smash its face in.","1)  It pulls the rug out from under you , just when you 're ready to hate one character , or really sympathize with another character , something happens to send you off in different direction .

2)  Will probably be one of those movies barely registering a blip on the radar screen of 2002 .","1)  Dripping with cliche and bypassing no opportunity to trivialize the material .

2)  If you adored The Full Monty so resoundingly that you 're dying to see the same old thing in a tired old setting , then this should keep you reasonably entertained .","1)  Dripping with cliche and bypassing no opportunity to trivialize the material .

2)  An emotionally strong and politically potent piece of cinema .","1)  Washington as possibly the best actor working in movies today

2)  Even when it drags , we are forced to reflect that its visual imagination is breathtaking","1)  Washington as possibly the best actor working in movies today

2)  It is most remarkable not because of its epic scope , but because of the startling intimacy it achieves despite that breadth .","1)  A positively thrilling combination of ethnography and all the intrigue , betrayal , deceit and murder of a Shakespearean tragedy or a juicy soap opera .

2)  More good than great but Freeman and Judd make it work .","1)  A welcome relief from baseball movies that try too hard to be mythic , this one is a sweet and modest and ultimately winning story .

2)  No , I don't know why Steven Seagal is considered a star , nor why he keeps being cast in action films when none of them are ever any good or make any money .","1)  Romantic , riveting and handsomely animated .

2)  A visual spectacle full of stunning images and effects .","1)  Opening with some contrived banter , cliches and some loose ends , the screenplay only comes into its own in the second half .

2)  It pulls the rug out from under you , just when you 're ready to hate one character , or really sympathize with another character , something happens to send you off in different direction .","1)  The whole affair is as predictable as can be .

2)  More good than great but Freeman and Judd make it work .","1)  If you adored The Full Monty so resoundingly that you 're dying to see the same old thing in a tired old setting , then this should keep you reasonably entertained .

2)  The film 's constant mood of melancholy and its unhurried narrative are masterfully controlled .","1)  Provides a satisfactory overview of the bizarre world of extreme athletes as several daredevils express their own views .

2)  While this has the making of melodrama , the filmmaker cuts against this natural grain , producing a work that 's more interested in asking questions than in answering them ."
"2020/07/03 2:03:18 PM GMT+5:30","6","5","4","5","7","3","5","3","7","6","4","5","3","6","3","5","5","9","5","7","4","5","3","6","3","9","4","3","9","4"
"2020/07/11 7:54:19 PM GMT+5:30","1","4","1","1","1","4","3","6","6","3","5","3","2","9","2","5","2","3","6","8","4","7","5","1","6","10","5","10","2","7"