"Timestamp","1)  Punch-Drunk Love is so convinced of its own brilliance that , if it were a person , you 'd want to smash its face in.

2)  Standing in the Shadows of Motown is the best kind of documentary , one that makes a depleted yesterday feel very much like a brand-new tomorrow .","1)  A welcome relief from baseball movies that try too hard to be mythic , this one is a sweet and modest and ultimately winning story .

2)  It is messy , uncouth , incomprehensible , vicious and absurd .","1)  My precious new Star Wars movie is a lumbering , wheezy drag ...

2)  Insomnia is one of the year 's best films and Pacino gives one of his most daring , and complicated , performances .","1)  While this has the making of melodrama , the filmmaker cuts against this natural grain , producing a work that 's more interested in asking questions than in answering them .

2)  The respective charms of Sandra Bullock and Hugh Grant have worn threadbare .","1)  Provides a satisfactory overview of the bizarre world of extreme athletes as several daredevils express their own views .

2)  Occasionally loud and offensive , but more often , it simply lulls you into a gentle waking coma .","1)  The uneven movie does have its charms and its funny moments but not quite enough of them .

2)  The film does n't really care about the thousands of Americans who die hideously , it cares about how Ryan meets his future wife and makes his start at the CIA .","1)  Insomnia is one of the year 's best films and Pacino gives one of his most daring , and complicated , performances .

2)  The film does n't really care about the thousands of Americans who die hideously , it cares about how Ryan meets his future wife and makes his start at the CIA .","1)  Occasionally loud and offensive , but more often , it simply lulls you into a gentle waking coma .

2)  Even fans of Ismail Merchant 's work , I suspect , would have a hard time sitting through this one .","1)  No , I don't know why Steven Seagal is considered a star , nor why he keeps being cast in action films when none of them are ever any good or make any money .

2)  A laughable -- or rather , unlaughable -- excuse for a film .","1)  Sometimes there are very , very good reasons for certain movies to be sealed in a jar and left on a remote shelf indefinitely .

2)  Everything its title implies , a standard-issue crime drama spat out from the Tinseltown assembly line .","1)  Sometimes there are very , very good reasons for certain movies to be sealed in a jar and left on a remote shelf indefinitely .

2)  It 's consistently funny , in an irresistible junior-high way , and consistently free of any gag that would force you to give it a millisecond of thought .","1)  Even fans of Ismail Merchant 's work , I suspect , would have a hard time sitting through this one .

2)  I admire the closing scenes of the film , which seem to ask whether our civilization offers a cure for Vincent 's complaint .","1)  Everything its title implies , a standard-issue crime drama spat out from the Tinseltown assembly line .

2)  If you adored The Full Monty so resoundingly that you 're dying to see the same old thing in a tired old setting , then this should keep you reasonably entertained .","1)  Fresnadillo has something serious to say about the ways in which extravagant chance can distort our perspective and throw us off the path of good sense .

2)  It makes sense that he went back to school to check out the girls -- his film is a frat boy 's idea of a good time .","1)  Fresnadillo has something serious to say about the ways in which extravagant chance can distort our perspective and throw us off the path of good sense .

2)  Insomnia is one of the year 's best films and Pacino gives one of his most daring , and complicated , performances .","1)  The whole affair is as predictable as can be .

2)  Opening with some contrived banter , cliches and some loose ends , the screenplay only comes into its own in the second half .","1)  Sometimes there are very , very good reasons for certain movies to be sealed in a jar and left on a remote shelf indefinitely .

2)  Fresnadillo has something serious to say about the ways in which extravagant chance can distort our perspective and throw us off the path of good sense .","1)  A positively thrilling combination of ethnography and all the intrigue , betrayal , deceit and murder of a Shakespearean tragedy or a juicy soap opera .

2)  Kwan is a master of shadow , quietude , and room noise , and Lan Yu is a disarmingly lived-in movie .","1)  There 's little to recommend Snow Dogs , unless one considers cliched dialogue and perverse escapism a source of high hilarity .

2)  A brilliant , absurd collection of vignettes that , in their own idiosyncratic way , sum up the strange horror of life in the new millennium .","1)  A welcome relief from baseball movies that try too hard to be mythic , this one is a sweet and modest and ultimately winning story .

2)  Occasionally loud and offensive , but more often , it simply lulls you into a gentle waking coma .","1)  Provides a satisfactory overview of the bizarre world of extreme athletes as several daredevils express their own views .

2)  The film 's constant mood of melancholy and its unhurried narrative are masterfully controlled .","1)  Romantic , riveting and handsomely animated .

2)  Kwan is a master of shadow , quietude , and room noise , and Lan Yu is a disarmingly lived-in movie .","1)  Washington as possibly the best actor working in movies today

2)  It pulls the rug out from under you , just when you 're ready to hate one character , or really sympathize with another character , something happens to send you off in different direction .","1)  Punch-Drunk Love is so convinced of its own brilliance that , if it were a person , you 'd want to smash its face in.

2)  A visual spectacle full of stunning images and effects .","1)  A welcome relief from baseball movies that try too hard to be mythic , this one is a sweet and modest and ultimately winning story .

2)  Romantic , riveting and handsomely animated .","1)  Fresnadillo has something serious to say about the ways in which extravagant chance can distort our perspective and throw us off the path of good sense .

2)  Will probably be one of those movies barely registering a blip on the radar screen of 2002 .","1)  Washington as possibly the best actor working in movies today

2)  Everything its title implies , a standard-issue crime drama spat out from the Tinseltown assembly line .","1)  Fresnadillo has something serious to say about the ways in which extravagant chance can distort our perspective and throw us off the path of good sense .

2)  While this has the making of melodrama , the filmmaker cuts against this natural grain , producing a work that 's more interested in asking questions than in answering them .","1)  It is messy , uncouth , incomprehensible , vicious and absurd .

2)  It 's consistently funny , in an irresistible junior-high way , and consistently free of any gag that would force you to give it a millisecond of thought .","1)  A brilliant , absurd collection of vignettes that , in their own idiosyncratic way , sum up the strange horror of life in the new millennium .

2)  This movie ... doesn't deserve the energy it takes to describe how bad it is ."
"2020/07/03 5:17:51 PM GMT+5:30","2","2","2","5","3","8","2","10","9","6","3","2","6","5","9","9","2","6","2","3","8","9","6","2","6","3","2","5","6","1"
"2020/07/12 12:46:21 AM GMT+5:30","2","3","2","2","4","3","5","7","9","8","3","3","8","3","6","7","2","7","3","4","5","6","8","4","3","2","3","8","6","6"