"Timestamp","1)  Punch-Drunk Love is so convinced of its own brilliance that , if it were a person , you 'd want to smash its face in.

2)  The film 's constant mood of melancholy and its unhurried narrative are masterfully controlled .","1)  More good than great but Freeman and Judd make it work .

2)  It 's consistently funny , in an irresistible junior-high way , and consistently free of any gag that would force you to give it a millisecond of thought .","1)  Punch-Drunk Love is so convinced of its own brilliance that , if it were a person , you 'd want to smash its face in.

2)  It 's consistently funny , in an irresistible junior-high way , and consistently free of any gag that would force you to give it a millisecond of thought .","1)  More good than great but Freeman and Judd make it work .

2)  If you adored The Full Monty so resoundingly that you 're dying to see the same old thing in a tired old setting , then this should keep you reasonably entertained .","1)  Washington as possibly the best actor working in movies today

2)  Treasure Planet rivals the top Japanese animations of recent vintage .","1)  There 's little to recommend Snow Dogs , unless one considers cliched dialogue and perverse escapism a source of high hilarity .

2)  No , I don't know why Steven Seagal is considered a star , nor why he keeps being cast in action films when none of them are ever any good or make any money .","1)  This painfully unfunny farce traffics in tired stereotypes and encumbers itself with complications ... that have no bearing on the story .

2)  Even when it drags , we are forced to reflect that its visual imagination is breathtaking","1)  Romantic , riveting and handsomely animated .

2)  A somewhat disappointing and meandering saga .","1)  Fresnadillo has something serious to say about the ways in which extravagant chance can distort our perspective and throw us off the path of good sense .

2)  Romantic , riveting and handsomely animated .","1)  Even fans of Ismail Merchant 's work , I suspect , would have a hard time sitting through this one .

2)  The film 's constant mood of melancholy and its unhurried narrative are masterfully controlled .","1)  The respective charms of Sandra Bullock and Hugh Grant have worn threadbare .

2)  Kwan is a master of shadow , quietude , and room noise , and Lan Yu is a disarmingly lived-in movie .","1)  A brilliant , absurd collection of vignettes that , in their own idiosyncratic way , sum up the strange horror of life in the new millennium .

2)  A visual spectacle full of stunning images and effects .","1)  Romantic , riveting and handsomely animated .

2)  Delia , Greta , and Paula rank as three of the most multilayered and sympathetic female characters of the year .","1)  This movie ... doesn't deserve the energy it takes to describe how bad it is .

2)  Will probably be one of those movies barely registering a blip on the radar screen of 2002 .","1)  Occasionally loud and offensive , but more often , it simply lulls you into a gentle waking coma .

2)  No , I don't know why Steven Seagal is considered a star , nor why he keeps being cast in action films when none of them are ever any good or make any money .","1)  The main characters are simply named The Husband , The Wife and The Kidnapper , emphasizing the disappointingly generic nature of the entire effort .

2)  A visual spectacle full of stunning images and effects .","1)  An emotionally strong and politically potent piece of cinema .

2)  A somewhat disappointing and meandering saga .","1)  Provides a satisfactory overview of the bizarre world of extreme athletes as several daredevils express their own views .

2)  Everything its title implies , a standard-issue crime drama spat out from the Tinseltown assembly line .","1)  Washington as possibly the best actor working in movies today

2)  It makes sense that he went back to school to check out the girls -- his film is a frat boy 's idea of a good time .","1)  The main characters are simply named The Husband , The Wife and The Kidnapper , emphasizing the disappointingly generic nature of the entire effort .

2)  Punch-Drunk Love is so convinced of its own brilliance that , if it were a person , you 'd want to smash its face in.","1)  It pulls the rug out from under you , just when you 're ready to hate one character , or really sympathize with another character , something happens to send you off in different direction .

2)  No , I don't know why Steven Seagal is considered a star , nor why he keeps being cast in action films when none of them are ever any good or make any money .","1)  There 's little to recommend Snow Dogs , unless one considers cliched dialogue and perverse escapism a source of high hilarity .

2)  An emotionally strong and politically potent piece of cinema .","1)  While this has the making of melodrama , the filmmaker cuts against this natural grain , producing a work that 's more interested in asking questions than in answering them .

2)  It is messy , uncouth , incomprehensible , vicious and absurd .","1)  The respective charms of Sandra Bullock and Hugh Grant have worn threadbare .

2)  A somewhat disappointing and meandering saga .","1)  Dripping with cliche and bypassing no opportunity to trivialize the material .

2)  No , I don't know why Steven Seagal is considered a star , nor why he keeps being cast in action films when none of them are ever any good or make any money .","1)  The respective charms of Sandra Bullock and Hugh Grant have worn threadbare .

2)  Standing in the Shadows of Motown is the best kind of documentary , one that makes a depleted yesterday feel very much like a brand-new tomorrow .","1)  Delia , Greta , and Paula rank as three of the most multilayered and sympathetic female characters of the year .

2)  It 's consistently funny , in an irresistible junior-high way , and consistently free of any gag that would force you to give it a millisecond of thought .","1)  More good than great but Freeman and Judd make it work .

2)  Narratively , Trouble Every Day is a plodding mess .","1)  It is most remarkable not because of its epic scope , but because of the startling intimacy it achieves despite that breadth .

2)  A brilliant , absurd collection of vignettes that , in their own idiosyncratic way , sum up the strange horror of life in the new millennium .","1)  New ways of describing badness need to be invented to describe exactly how bad it is .

2)  Delia , Greta , and Paula rank as three of the most multilayered and sympathetic female characters of the year ."
"2020/07/12 7:46:34 AM GMT+5:30","1","8","2","3","5","3","1","2","5","2","1","10","10","10","5","1","3","1","1","7","1","1","6","6","7","1","5","4","10","1"